review_text,rating,review_date,app_version,likes,app_name,category
"stop using AI bots for support, I get the wrong order delivered and can't get resolution, other times my foods were 2 hours late and no resolution.",1,03-03-2026 23:19,,0,Zomato,Food Delivery
good service,5,03-03-2026 23:17,19.3.7,0,Zomato,Food Delivery
i love you ❤️🫦,5,03-03-2026 23:15,,0,Zomato,Food Delivery
good,5,03-03-2026 23:14,19.3.9,0,Zomato,Food Delivery
Ghatiya h,1,03-03-2026 23:13,,0,Zomato,Food Delivery
nice place to order food and I really love it all the coupon and discounts are also amazing love to order more further... thank you zomato 🫶🏻,5,03-03-2026 23:13,19.3.9,0,Zomato,Food Delivery
nice,5,03-03-2026 23:13,19.3.9,0,Zomato,Food Delivery
fraud,1,03-03-2026 23:12,19.4.2,0,Zomato,Food Delivery
very fast service,5,03-03-2026 23:11,,0,Zomato,Food Delivery
nice,4,03-03-2026 23:11,,0,Zomato,Food Delivery
Excellent,5,03-03-2026 23:10,19.3.7,0,Zomato,Food Delivery
really appreciate delivery now,5,03-03-2026 23:08,19.4.2,0,Zomato,Food Delivery
delivery charge jyada leta h faltu h bhai isse acha swiggy h,1,03-03-2026 23:08,,0,Zomato,Food Delivery
good,5,03-03-2026 23:07,19.3.9,0,Zomato,Food Delivery
Wonderful experience,5,03-03-2026 23:04,19.3.9,0,Zomato,Food Delivery
good,5,03-03-2026 23:04,19.4.2,0,Zomato,Food Delivery
🌻,4,03-03-2026 23:03,19.4.2,0,Zomato,Food Delivery
nice,5,03-03-2026 22:59,19.3.7,0,Zomato,Food Delivery
zero customer support,1,03-03-2026 22:59,19.3.9,0,Zomato,Food Delivery
nice,5,03-03-2026 22:57,19.4.2,0,Zomato,Food Delivery
Okk okk,3,03-03-2026 22:57,19.3.9,0,Zomato,Food Delivery
"I have been using Zomato Gold for very long but it has started giving me issues, 1 hr order delays, no response from delivery partners when called, random nos. given for restaurants and today, my prepaid order was delivered to someone else and then the delivery partner's phone was switched off when I tried calling. The refund was initiated after talking to the customer support, but I didn't receive my food and no compensationg was offered for the trouble caused. I will switch to Swiggy one now!",1,03-03-2026 22:56,19.4.2,0,Zomato,Food Delivery
good,4,03-03-2026 22:56,19.4.2,0,Zomato,Food Delivery
"best app for food delivery, I am loving it",5,03-03-2026 22:53,,0,Zomato,Food Delivery
fast and trusted ap,4,03-03-2026 22:53,19.4.2,0,Zomato,Food Delivery
exlent❤️❤️❤️❤️💯🫶,5,03-03-2026 22:52,19.4.2,0,Zomato,Food Delivery
not much good,2,03-03-2026 22:51,19.4.2,0,Zomato,Food Delivery
excellent! food delivery on time always,5,03-03-2026 22:47,19.3.9,0,Zomato,Food Delivery
new scam on zomato they take your order. they delivery some other order or package comes as if it has been through a shredder. then their AI asks and refuses to id any photo and they simply close the issue on their own and steal your money. you are left with shredded food or something you didnt order. This app and company is inventing new scams daily. couldn't rate lower than 1 else zomato deserves negative for stealing. snd to this they will have an automated reply also for play store,1,03-03-2026 22:47,19.3.9,20,Zomato,Food Delivery
faltu delivery service food take 1 hourbplus just for delivery the driver pickup the order an took more time to deliver use Swiggy zomato is not reliable source customer service is bad to no contact to cancell the order too if getting delayed mornthan 1 hour plus when the location is just 30 mins,1,03-03-2026 22:46,19.3.9,0,Zomato,Food Delivery
I ordered 3 thalis some items were missing I tried to talk to executive but they didn't.awful experience last order from this app shifting to Swiggy or something else.,1,03-03-2026 22:46,19.4.2,0,Zomato,Food Delivery
good experience,5,03-03-2026 22:44,19.3.9,0,Zomato,Food Delivery
Zomato has ups and downs but Zomato did what he can do best even in downs so I really appreciate what it does thank you zomato,5,03-03-2026 22:41,19.4.2,0,Zomato,Food Delivery
supper 😋,5,03-03-2026 22:41,19.3.9,0,Zomato,Food Delivery
good,5,03-03-2026 22:40,19.4.2,0,Zomato,Food Delivery
👍,5,03-03-2026 22:39,19.3.9,0,Zomato,Food Delivery
bat,3,03-03-2026 22:38,19.4.2,0,Zomato,Food Delivery
Att,5,03-03-2026 22:37,19.4.2,0,Zomato,Food Delivery
every time they give a surprised discount...love it Too Good 👍,5,03-03-2026 22:37,19.4.2,0,Zomato,Food Delivery
excellent delivery on time,4,03-03-2026 22:36,19.4.2,0,Zomato,Food Delivery
nice experience,5,03-03-2026 22:36,19.3.9,0,Zomato,Food Delivery
"User friendly interface, detailed and apt, helps to identify critical details easily and brief in nature.",5,03-03-2026 22:33,19.3.9,0,Zomato,Food Delivery
ok,4,03-03-2026 22:32,,0,Zomato,Food Delivery
good,5,03-03-2026 22:32,,0,Zomato,Food Delivery
If you order for Rs. 100 you will be charged for near to Rs. 100 for a distance of 2 km with 50% off 😂,1,03-03-2026 22:31,,0,Zomato,Food Delivery
Good Price,5,03-03-2026 22:31,19.4.2,0,Zomato,Food Delivery
third class,1,03-03-2026 22:29,19.3.9,0,Zomato,Food Delivery
very high pricing and it keep going up in few minutes waste of money,1,03-03-2026 22:28,19.4.2,0,Zomato,Food Delivery
best of the best,5,03-03-2026 22:25,19.3.9,0,Zomato,Food Delivery
👍,5,03-03-2026 22:23,,0,Zomato,Food Delivery
great service but some times some order too much high price,5,03-03-2026 22:22,19.4.2,0,Zomato,Food Delivery
excellent,5,03-03-2026 22:22,19.4.2,0,Zomato,Food Delivery
Most of the orders are taking almost an hour to deliver,1,03-03-2026 22:21,19.4.2,0,Zomato,Food Delivery
"quality food , good packing",5,03-03-2026 22:20,,0,Zomato,Food Delivery
"Went to Sixteen33 last weekend with my gang and the crowd was exactly what you want on a Saturday night fun and actually there to have a good time.Tried a couple of cocktails recommended by Anna and they were strong and had a proper kick. Even the food surprised us, great portions.",5,03-03-2026 22:20,19.4.2,0,Zomato,Food Delivery
stupid bastard company it shows something and deliver something,1,03-03-2026 22:19,19.4.2,0,Zomato,Food Delivery
Recently they have started grouping the deliveries without division of delivery charges on orders. The orders are delivered late so subscription to Gold will not be a good idea as still order will be late. The rate of food items is much more eg and item available for Rs 410 at restaurant is for Rs 640 on this app and with platform fee etc you pay about 50% extra on this app rather at the restaurant. The bigger the order the more you pay extra. The delivery charges are extra.,2,03-03-2026 22:18,19.4.2,7,Zomato,Food Delivery
one of the worst experience i have seen today. never suggest this app to somebody,1,03-03-2026 22:16,19.3.9,0,Zomato,Food Delivery
"zomato is doing very very very bad these days.VERY VERY BAD online food delivery app, shows delivery time 10-15mins but it will not deliver after 1hour. while ordering food ,food will be delivered in 10-15mins but after ordering food delivery time will increase to 30-35mins.wrost experience, wrost app,day -by-day going wrose",1,03-03-2026 22:14,19.3.9,0,Zomato,Food Delivery
good offers,4,03-03-2026 22:14,,0,Zomato,Food Delivery
woman,2,03-03-2026 22:14,,0,Zomato,Food Delivery
good,5,03-03-2026 22:14,19.4.2,0,Zomato,Food Delivery
"No food is available on zomato. Veg, non-veg.",1,03-03-2026 22:08,19.4.2,0,Zomato,Food Delivery
good,5,03-03-2026 22:08,,0,Zomato,Food Delivery
yummy app,5,03-03-2026 22:08,19.3.9,0,Zomato,Food Delivery
better then Swiggy app❤️✌️,4,03-03-2026 22:08,19.3.9,0,Zomato,Food Delivery
good,5,03-03-2026 22:08,,0,Zomato,Food Delivery
very good 👍 thankyou 🙏,5,03-03-2026 22:06,,0,Zomato,Food Delivery
excilent,5,03-03-2026 22:04,19.4.2,0,Zomato,Food Delivery
User unfriendly customer care,1,03-03-2026 22:03,19.4.2,0,Zomato,Food Delivery
😄,5,03-03-2026 22:03,19.3.9,0,Zomato,Food Delivery
good,5,03-03-2026 22:03,,0,Zomato,Food Delivery
"I don't know what is the problem with this app everytime I change my location, it gives me a prompt to chnage manually I do that but still the order is delivered at the previous location.",5,03-03-2026 22:02,19.4.2,0,Zomato,Food Delivery
Good useful for working families and others..,5,03-03-2026 22:00,19.3.9,0,Zomato,Food Delivery
I have been using zomato since its inception of gold membership. mostly glitch free and smooth transaction.,5,03-03-2026 22:00,,0,Zomato,Food Delivery
it's my first order in this aap and experience is good,5,03-03-2026 21:57,19.4.2,0,Zomato,Food Delivery
good,5,03-03-2026 21:57,,0,Zomato,Food Delivery
Not changing attitude again the same false promise new normal @zomato side effects of duopoly or i should say triopoly you think coustmer can not do anything 👎 and the movie continue again,1,03-03-2026 21:56,19.4.2,0,Zomato,Food Delivery
Great experience,5,03-03-2026 21:55,19.3.7,0,Zomato,Food Delivery
very good 👍😊 app,5,03-03-2026 21:55,19.4.2,0,Zomato,Food Delivery
good 👍,4,03-03-2026 21:55,19.3.9,0,Zomato,Food Delivery
nice,5,03-03-2026 21:55,19.4.2,0,Zomato,Food Delivery
the experience of the app has changed from being convenient to being frustrating with the unwanted charges and time taken for deliveries increasing multi-fold due to the new delivery system being used,2,03-03-2026 21:55,19.4.2,0,Zomato,Food Delivery
All Good 👍,5,03-03-2026 21:54,19.3.9,0,Zomato,Food Delivery
Zomato is a fantastic food delivery app to use in Surendranagar,5,03-03-2026 21:50,19.4.2,0,Zomato,Food Delivery
good,5,03-03-2026 21:47,,0,Zomato,Food Delivery
Great,5,03-03-2026 21:47,19.4.2,0,Zomato,Food Delivery
good than Swiggy,5,03-03-2026 21:46,19.4.2,0,Zomato,Food Delivery
amazing experience and best service,5,03-03-2026 21:45,19.4.2,0,Zomato,Food Delivery
great,5,03-03-2026 21:45,19.4.2,0,Zomato,Food Delivery
best,5,03-03-2026 21:45,19.4.2,0,Zomato,Food Delivery
very fast and nice service,5,03-03-2026 21:42,,0,Zomato,Food Delivery
Indian Love's It,5,03-03-2026 21:42,19.3.9,0,Zomato,Food Delivery
pathetic service. even a order from nearby restaurant takes more than an hour. they don't have enough people to deliver orders,1,03-03-2026 21:41,19.3.9,0,Zomato,Food Delivery
very good,5,03-03-2026 21:41,19.4.2,0,Zomato,Food Delivery
good experience,4,03-03-2026 21:39,19.4.2,0,Zomato,Food Delivery
Best of all,5,03-03-2026 21:39,19.4.2,0,Zomato,Food Delivery
"I am disappointed with my recent order. I placed the order well in advance, keeping sufficient time before my train reached station. Despite proper planning from my side, the food was not delivered at all. Now, i am travelling and left without any food on the train. A simple refund does not compensate for the inconvenience, stress, and discomfort caused. Being stranded hungry during a journey because of service failure is unacceptable. I expect Zomato to take responsibility",1,03-03-2026 21:38,19.4.2,0,Zomato,Food Delivery
express delivery! zoooom 17 min on app my boy reached in 6❤️❤️❤️❤️❤️❤️❤️,5,03-03-2026 21:38,19.4.2,0,Zomato,Food Delivery
very good aap,5,03-03-2026 21:35,19.3.9,0,Zomato,Food Delivery
nice app,5,03-03-2026 21:34,19.4.2,0,Zomato,Food Delivery
"The food was delivered to the wrong person. I spent a significant amount of time placing and waiting for this order, and I am very disappointed with both the service and the customer support provided.",1,03-03-2026 21:33,19.3.9,0,Zomato,Food Delivery
superb,5,03-03-2026 21:33,19.3.9,0,Zomato,Food Delivery
Nice service,5,03-03-2026 21:29,19.3.9,0,Zomato,Food Delivery
awesome 👍,5,03-03-2026 21:28,19.4.2,0,Zomato,Food Delivery
great experience,5,03-03-2026 21:27,19.3.9,0,Zomato,Food Delivery
good,5,03-03-2026 21:24,19.3.7,0,Zomato,Food Delivery
Good,5,03-03-2026 21:23,19.4.2,0,Zomato,Food Delivery
good,5,03-03-2026 21:23,,0,Zomato,Food Delivery
very good,5,03-03-2026 21:21,19.4.2,0,Zomato,Food Delivery
Nice 👍,5,03-03-2026 21:21,19.4.2,0,Zomato,Food Delivery
Nice service,5,03-03-2026 21:21,19.3.9,0,Zomato,Food Delivery
very helpful,5,03-03-2026 21:20,,0,Zomato,Food Delivery
food taste is ultra and 5star rating in zomato it's me,5,03-03-2026 21:19,19.3.9,0,Zomato,Food Delivery
nice,5,03-03-2026 21:17,19.3.9,0,Zomato,Food Delivery
👌🏻🤞🏻,5,03-03-2026 21:17,,0,Zomato,Food Delivery
its a very good food delivery app and cheap at the same time,5,03-03-2026 21:17,19.3.7,0,Zomato,Food Delivery
food is good but sometimes food and the delivery boy do to delay to being food so zomato should work on it and bring good offers too😊,4,03-03-2026 21:17,19.4.2,0,Zomato,Food Delivery
best,5,03-03-2026 21:16,19.4.2,0,Zomato,Food Delivery
Good,5,03-03-2026 21:15,19.4.2,0,Zomato,Food Delivery
super 👌 👍,5,03-03-2026 21:15,19.4.2,0,Zomato,Food Delivery
smooth application and easy to use but charges are high,4,03-03-2026 21:15,19.4.2,0,Zomato,Food Delivery
it's very good,5,03-03-2026 21:14,19.4.2,0,Zomato,Food Delivery
Gudhabalaga food delivery app,5,03-03-2026 21:14,19.4.2,0,Zomato,Food Delivery
excellent,5,03-03-2026 21:11,,0,Zomato,Food Delivery
good,5,03-03-2026 21:11,19.4.2,0,Zomato,Food Delivery
excellent,5,03-03-2026 21:08,19.4.2,0,Zomato,Food Delivery
better one,3,03-03-2026 21:08,19.3.4,0,Zomato,Food Delivery
Nice and Good served ❣️,5,03-03-2026 21:06,,0,Zomato,Food Delivery
nice,5,03-03-2026 21:05,19.3.9,0,Zomato,Food Delivery
good service,5,03-03-2026 21:03,19.4.2,0,Zomato,Food Delivery
Good,5,03-03-2026 21:03,19.4.2,0,Zomato,Food Delivery
good,4,03-03-2026 21:03,19.3.7,0,Zomato,Food Delivery
ok nice,5,03-03-2026 21:02,,0,Zomato,Food Delivery
Swiggy is better then zomato,1,03-03-2026 21:01,,0,Zomato,Food Delivery
nice,5,03-03-2026 21:01,19.4.2,0,Zomato,Food Delivery
very good,5,03-03-2026 20:59,,0,Zomato,Food Delivery
good,4,03-03-2026 20:59,19.4.2,0,Zomato,Food Delivery
worst app. now a days every order is clubbed with another one and lots of delay beyond the expected time. i am uninstalling this app.,1,03-03-2026 20:58,19.3.1,0,Zomato,Food Delivery
"very nice, and huge discount",5,03-03-2026 20:58,19.4.2,0,Zomato,Food Delivery
it is very awsome...,5,03-03-2026 20:57,19.3.7,0,Zomato,Food Delivery
Berry bad no performance developer kon tha,1,03-03-2026 20:56,,0,Zomato,Food Delivery
good 👍🏼,5,03-03-2026 20:56,19.3.9,0,Zomato,Food Delivery
delivered before time..... thanks 👍,5,03-03-2026 20:54,19.4.2,0,Zomato,Food Delivery
excellent,5,03-03-2026 20:54,19.3.9,0,Zomato,Food Delivery
giod,5,03-03-2026 20:53,19.4.2,0,Zomato,Food Delivery
good I love kabhi pijja khilaye free .ai,5,03-03-2026 20:51,19.3.1,0,Zomato,Food Delivery
Not able to download the invoice. I have to claim the amount but I am not able to download the invoice at all. the worst.,2,03-03-2026 20:51,19.4.2,0,Zomato,Food Delivery
good,5,03-03-2026 20:50,19.3.9,0,Zomato,Food Delivery
very good,5,03-03-2026 20:50,19.3.9,0,Zomato,Food Delivery
good,5,03-03-2026 20:50,19.3.9,0,Zomato,Food Delivery
fast service,5,03-03-2026 20:49,19.3.9,0,Zomato,Food Delivery
Very good Experience 👍👍,5,03-03-2026 20:49,19.3.9,0,Zomato,Food Delivery
The agents keeps the punctuality very well and delivers food without damage,5,03-03-2026 20:47,19.3.9,0,Zomato,Food Delivery
😋😋😋,5,03-03-2026 20:46,19.3.9,0,Zomato,Food Delivery
"best experience in everyway.....best offers,best service and timely delivery,🤗",5,03-03-2026 20:46,19.3.4,0,Zomato,Food Delivery
student chef Nisha's food is very nice,5,03-03-2026 20:45,19.3.9,0,Zomato,Food Delivery
has good choices...,4,03-03-2026 20:43,19.3.9,0,Zomato,Food Delivery
ok,5,03-03-2026 20:42,19.3.9,0,Zomato,Food Delivery
Good girl,5,03-03-2026 20:42,19.4.2,0,Zomato,Food Delivery
super,5,03-03-2026 20:41,19.4.2,0,Zomato,Food Delivery
overall goodd,4,03-03-2026 20:41,,0,Zomato,Food Delivery
very good for food and best deals,5,03-03-2026 20:40,19.4.2,0,Zomato,Food Delivery
good,5,03-03-2026 20:39,19.3.9,0,Zomato,Food Delivery
good,5,03-03-2026 20:39,19.3.9,0,Zomato,Food Delivery
too gud♥️,3,03-03-2026 20:39,19.3.7,0,Zomato,Food Delivery
In one hotel you show in your application you must show all varieties in that hotel. But you show some items only. Why this happened.,4,03-03-2026 20:38,19.4.2,0,Zomato,Food Delivery
very easy to use app,5,03-03-2026 20:37,19.3.9,0,Zomato,Food Delivery
nice,5,03-03-2026 20:37,19.3.9,0,Zomato,Food Delivery
I like the service,5,03-03-2026 20:36,19.3.9,0,Zomato,Food Delivery
Great offers,5,03-03-2026 20:36,19.3.9,0,Zomato,Food Delivery
"worst customer service,it's not zomato it's delay delay.......",1,03-03-2026 20:34,19.3.7,0,Zomato,Food Delivery
👍such a delicious food♥️,5,03-03-2026 20:34,19.3.9,0,Zomato,Food Delivery
A great foodie app.. providing great amazing services,5,03-03-2026 20:33,,0,Zomato,Food Delivery
nice,5,03-03-2026 20:33,19.4.2,0,Zomato,Food Delivery
cool,1,03-03-2026 20:32,19.4.2,0,Zomato,Food Delivery
very late delivery app it takes hours of time .it shows 10 min but the delivery person will take 30min .so I hate this app,1,03-03-2026 20:32,19.3.9,0,Zomato,Food Delivery
verryyyyy gooood apppp,1,03-03-2026 20:30,19.3.9,0,Zomato,Food Delivery
support is better than earlier,3,03-03-2026 20:30,19.3.9,0,Zomato,Food Delivery
nice,5,03-03-2026 20:27,19.4.2,0,Zomato,Food Delivery
"Amazing experience with Zomato! The delivery was super fast and the food arrived fresh and well-packed. The app is very easy to use, and tracking the order in real-time makes it even better. The delivery partner was polite and professional. Totally satisfied with the service. Highly recommended for hassle-free food ordering!",5,03-03-2026 20:26,19.3.9,0,Zomato,Food Delivery
best,5,03-03-2026 20:25,19.3.0,0,Zomato,Food Delivery
always!!!,4,03-03-2026 20:25,,0,Zomato,Food Delivery
good,5,03-03-2026 20:24,,0,Zomato,Food Delivery
good service,4,03-03-2026 20:24,19.4.2,0,Zomato,Food Delivery
"Amazing Delicious Extraordinary Extravagant Tasty Great Wonderful Good Job Outstanding Insane Experience was just remarkable AUR KUCCH CHAHIYE PAGAL? Itne bar review poochta hai, leh, ab thoos. thoos apne andar.",5,03-03-2026 20:23,19.3.6,0,Zomato,Food Delivery
good,5,03-03-2026 20:20,19.3.9,0,Zomato,Food Delivery
good,5,03-03-2026 20:20,19.4.2,0,Zomato,Food Delivery
Excellent,5,03-03-2026 20:19,19.4.2,0,Zomato,Food Delivery
better than Swiggy ezz,5,03-03-2026 20:19,19.3.9,0,Zomato,Food Delivery
"Very disappointed with my experience. I paid in advance for my order, but it was cancelled from their side and no refund was provided. They are falsely claiming that I cancelled it. Extremely unprofessional service. Worst experience.",1,03-03-2026 20:19,19.3.7,0,Zomato,Food Delivery
bast zomto,5,03-03-2026 20:18,19.3.9,0,Zomato,Food Delivery
good,5,03-03-2026 20:18,19.4.2,0,Zomato,Food Delivery
Good,5,03-03-2026 20:17,19.4.2,0,Zomato,Food Delivery
excellent,5,03-03-2026 20:17,19.3.7,0,Zomato,Food Delivery
excellent food,5,03-03-2026 20:17,19.4.2,0,Zomato,Food Delivery
very nice interface and very good delivery,5,03-03-2026 20:17,19.4.2,0,Zomato,Food Delivery
if food is spoiled it is not replaced or refund,4,03-03-2026 20:16,19.4.2,0,Zomato,Food Delivery
good app for food orders,4,03-03-2026 20:16,19.4.2,0,Zomato,Food Delivery
bhook me pet ko khus karnewala app,4,03-03-2026 20:14,,0,Zomato,Food Delivery
good,5,03-03-2026 20:14,,0,Zomato,Food Delivery
best app,5,03-03-2026 20:13,,0,Zomato,Food Delivery
superb experience of ordering food,5,03-03-2026 20:13,19.4.2,0,Zomato,Food Delivery
best,5,03-03-2026 20:13,,0,Zomato,Food Delivery
overall its nice only thing is their calling feature not so good if you are on other call their call doesn't show up,4,03-03-2026 20:11,19.3.9,0,Zomato,Food Delivery
Excellent service,5,03-03-2026 20:10,19.4.2,0,Zomato,Food Delivery
sometimes it is too expensive and my won't order. It is good i am gonna lie if the dishes were less cost I would give 5 stars,4,03-03-2026 20:09,,0,Zomato,Food Delivery
great app,5,03-03-2026 20:08,19.3.9,0,Zomato,Food Delivery
nice app,4,03-03-2026 20:08,19.3.9,0,Zomato,Food Delivery
super,5,03-03-2026 20:08,19.4.2,0,Zomato,Food Delivery
good,5,03-03-2026 20:07,19.3.9,0,Zomato,Food Delivery
delivery in time,4,03-03-2026 20:06,19.3.8,0,Zomato,Food Delivery
every delivery partner is there,5,03-03-2026 20:04,19.3.9,0,Zomato,Food Delivery
not a good app. did not listen my issues regarding worse food quality,1,03-03-2026 20:04,19.4.2,0,Zomato,Food Delivery
Good,5,03-03-2026 20:04,19.4.2,0,Zomato,Food Delivery
great job,4,03-03-2026 20:02,19.4.2,0,Zomato,Food Delivery
fast and efficient.,5,03-03-2026 20:01,19.4.2,0,Zomato,Food Delivery
it's really good,5,03-03-2026 20:00,19.4.2,0,Zomato,Food Delivery
best app for food delivery,5,03-03-2026 19:59,,0,Zomato,Food Delivery
love it ♥️,5,03-03-2026 19:59,19.4.2,0,Zomato,Food Delivery
very good service,5,03-03-2026 19:59,19.4.2,0,Zomato,Food Delivery
"Zomato app is very user-friendly and convenient. Easy to order, good restaurant options, and fast delivery most of the time. Overall a great experience😋",5,03-03-2026 19:58,19.3.9,0,Zomato,Food Delivery
good,5,03-03-2026 19:57,19.4.2,0,Zomato,Food Delivery
good app for ordering foods,5,03-03-2026 19:56,,0,Zomato,Food Delivery
good 👍 I like more and offers.It is useful for all thank you,5,03-03-2026 19:55,19.4.2,0,Zomato,Food Delivery
i m enjoying zomato,5,03-03-2026 19:55,19.4.2,0,Zomato,Food Delivery
wow,5,03-03-2026 19:55,19.3.1,0,Zomato,Food Delivery
good service good staff behaviour...order on time,5,03-03-2026 19:55,,0,Zomato,Food Delivery
very good,5,03-03-2026 19:54,,0,Zomato,Food Delivery
"Great service, all good restaurants in the list.Keep it up!",5,03-03-2026 19:54,19.3.9,0,Zomato,Food Delivery
Win-Win for everyone,5,03-03-2026 19:54,19.4.2,0,Zomato,Food Delivery
overall good cancelling an order has become very traumatic,3,03-03-2026 19:54,19.4.2,0,Zomato,Food Delivery
well done,3,03-03-2026 19:52,19.3.9,0,Zomato,Food Delivery
Minimal restuarant option but gives better offers to swiggy,5,03-03-2026 19:52,19.4.2,0,Zomato,Food Delivery
superb,5,03-03-2026 19:50,19.3.9,0,Zomato,Food Delivery
very nice experience,4,03-03-2026 19:49,19.4.2,0,Zomato,Food Delivery
good service and food,4,03-03-2026 19:48,,0,Zomato,Food Delivery
Lovely and cool,5,03-03-2026 19:48,19.4.2,0,Zomato,Food Delivery
good,5,03-03-2026 19:48,19.4.2,0,Zomato,Food Delivery
"well done zomato, happy holi",4,03-03-2026 19:47,19.4.2,0,Zomato,Food Delivery
Good,4,03-03-2026 19:47,19.4.2,0,Zomato,Food Delivery
"Application is good and expanding business is also good. Zomato you people have no control on restra, as we are not getting quality as earlier even from from same restra we order. We get stinky food now-a-days. This is true fact as I am writing this after ordering several times. We didn't order food to blame/criticize to get coupons. Providing cashback/coupon is not the solution. Sometimes it keeps us empty stomach. So please think on it to take proper action if possible. Thanks",4,03-03-2026 19:47,19.4.2,0,Zomato,Food Delivery
very nice and so much discount,5,03-03-2026 19:46,19.3.1,0,Zomato,Food Delivery
good 👍,4,03-03-2026 19:43,19.3.2,0,Zomato,Food Delivery
it's osm,5,03-03-2026 19:42,19.3.9,0,Zomato,Food Delivery
despite having the best food I would rate it 3 out of 5,3,03-03-2026 19:42,19.4.2,0,Zomato,Food Delivery
Ordered 5 burgers and received only 4 and contact no. of restaurant is also not picking up the call. very disappointed 😣😖😖😣😣😣😣😣😣😣😣😣😣😓😓😓😓😓😓😓😓😓😓,2,03-03-2026 19:41,19.3.6,0,Zomato,Food Delivery
good 💯,5,03-03-2026 19:41,19.4.2,0,Zomato,Food Delivery
atleast give some discount for regular users...,5,03-03-2026 19:39,19.3.9,0,Zomato,Food Delivery
wonderful 😊,5,03-03-2026 19:38,,0,Zomato,Food Delivery
good,5,03-03-2026 19:38,19.3.9,0,Zomato,Food Delivery
excellent service and efficiency,5,03-03-2026 19:38,19.4.2,0,Zomato,Food Delivery
super duper 👍,5,03-03-2026 19:37,,0,Zomato,Food Delivery
very good application,5,03-03-2026 19:36,19.4.2,0,Zomato,Food Delivery
experience kush aisa h...mere paas nhi paisa h,5,03-03-2026 19:35,19.4.2,0,Zomato,Food Delivery
good food 😋 speedy service,4,03-03-2026 19:35,,0,Zomato,Food Delivery
good,5,03-03-2026 19:35,19.3.7,0,Zomato,Food Delivery
good,4,03-03-2026 19:33,19.3.9,0,Zomato,Food Delivery
good,4,03-03-2026 19:31,19.3.9,0,Zomato,Food Delivery
nice,5,03-03-2026 19:30,19.4.2,0,Zomato,Food Delivery
very good app,5,03-03-2026 19:30,19.3.9,0,Zomato,Food Delivery
amazing app free food no money only coupons money,5,03-03-2026 19:29,18.2.5,0,Zomato,Food Delivery
Recently upi app is not working why? this type of technical issues ..I can't payment with upi for my friend .. Really disappointed 😞☹️,1,03-03-2026 19:29,,0,Zomato,Food Delivery
this app is scam no refund costumer service boll ta ha ki refund mil jya ga par kr ta nahi ha or costumer ke sat gandi tarike se baat kar ta hai,1,03-03-2026 19:28,,0,Zomato,Food Delivery
very very nice experience from Zomato😋thanku so muchh for such a lovely treatment,5,03-03-2026 19:27,19.3.9,0,Zomato,Food Delivery
"Your delivery service is truly impressive. The food arrived fresh, well-packed, and right on time. I also really appreciate the good discounts and super offers you provide. It makes the experience even more satisfying. Keep up the great work",5,03-03-2026 19:26,19.4.2,0,Zomato,Food Delivery
very good service,5,03-03-2026 19:25,19.4.2,0,Zomato,Food Delivery
good service,5,03-03-2026 19:24,,0,Zomato,Food Delivery
"Some hotels in Zomato are supplying old food. I got food poison after eating food ordered through Zomato. Hotel name: Khalid Biryani, place : namakkal. Please reply. Otherwise I have to file case against hotel and zomata",4,03-03-2026 19:24,19.4.2,0,Zomato,Food Delivery
good,5,03-03-2026 19:22,19.3.9,0,Zomato,Food Delivery
nice service,4,03-03-2026 19:21,19.3.9,0,Zomato,Food Delivery
very good,5,03-03-2026 19:20,19.3.9,0,Zomato,Food Delivery
amazing offers I used to get from Zomato's end!!!,5,03-03-2026 19:20,19.3.9,0,Zomato,Food Delivery
i feel relaxed due to zomato because whenever I want to eat I can order easily but sometimes when I change my location it show me high rates of food like high delivery charges taxes and all so regarding outside i feel some what tensioned but overall it's good so I'm giving 4 star ⭐,4,03-03-2026 19:18,,0,Zomato,Food Delivery
good,5,03-03-2026 19:18,19.3.0,0,Zomato,Food Delivery
best app for delivery purposes,5,03-03-2026 19:16,19.3.6,0,Zomato,Food Delivery
address problem note in correct location,1,03-03-2026 19:14,,0,Zomato,Food Delivery
good,5,03-03-2026 19:13,19.3.4,0,Zomato,Food Delivery
love u it,4,03-03-2026 19:11,,0,Zomato,Food Delivery
it's good and also gives a lot of coupon,4,03-03-2026 19:11,19.3.4,0,Zomato,Food Delivery
very good,5,03-03-2026 19:10,19.3.9,0,Zomato,Food Delivery
why there's is no UPI options?? why I can't pay from other phone's upi?? FIX THIS ASAP,1,03-03-2026 19:08,19.3.9,0,Zomato,Food Delivery
good,5,03-03-2026 19:08,19.4.2,0,Zomato,Food Delivery
superb,5,03-03-2026 19:07,19.4.2,0,Zomato,Food Delivery
These app works very best,5,03-03-2026 19:05,19.4.2,0,Zomato,Food Delivery
good service,5,03-03-2026 19:04,19.3.7,0,Zomato,Food Delivery
nice,5,03-03-2026 19:04,19.3.9,0,Zomato,Food Delivery
good service,5,03-03-2026 19:04,19.4.2,0,Zomato,Food Delivery
too good,5,03-03-2026 19:04,19.4.2,0,Zomato,Food Delivery
great app,5,03-03-2026 19:03,19.4.2,0,Zomato,Food Delivery
This is a very good delivery app,5,03-03-2026 19:01,,0,Zomato,Food Delivery
yaaa,5,03-03-2026 19:01,19.4.2,0,Zomato,Food Delivery
good,4,03-03-2026 19:01,19.3.9,0,Zomato,Food Delivery
best app,5,03-03-2026 18:59,,0,Zomato,Food Delivery
amazing 👏 🤩,4,03-03-2026 18:58,19.3.4,0,Zomato,Food Delivery
super and delisious,5,03-03-2026 18:55,,0,Zomato,Food Delivery
very good nice 👍 keep it up,5,03-03-2026 18:55,19.3.1,0,Zomato,Food Delivery
good service,4,03-03-2026 18:53,19.4.2,0,Zomato,Food Delivery
good,5,03-03-2026 18:53,19.4.2,0,Zomato,Food Delivery
best app really,5,03-03-2026 18:52,,0,Zomato,Food Delivery
excellent food and good 👍 😋 👌,5,03-03-2026 18:51,19.4.2,0,Zomato,Food Delivery
good,5,03-03-2026 18:51,19.4.2,0,Zomato,Food Delivery
ok delevery hai,4,03-03-2026 18:51,19.4.2,0,Zomato,Food Delivery
🥳🥳,5,03-03-2026 18:50,19.4.2,0,Zomato,Food Delivery
The order is so late and not come order cash on delivery is not available why very very bad,1,03-03-2026 18:48,19.3.9,0,Zomato,Food Delivery
its good,4,03-03-2026 18:47,19.4.2,0,Zomato,Food Delivery
very poor service. Our order will be delayed by grouping. ang my order item was missing and refunded only a part of the payment. please don't use this application. you can use Swiggy instead. or u can order on restaurant and ask the rapido guy to pick up worth than this and will be quicker than this. this very poor....,1,03-03-2026 18:41,,0,Zomato,Food Delivery
out standing delivery time,5,03-03-2026 18:40,19.3.9,0,Zomato,Food Delivery
nice app so easy to find item,5,03-03-2026 18:39,19.4.2,0,Zomato,Food Delivery
"Amazing, quick and good discount",5,03-03-2026 18:37,19.4.2,0,Zomato,Food Delivery
very helpful,5,03-03-2026 18:36,19.3.9,0,Zomato,Food Delivery
"⭐Star Very disappointing experience. The food delivered was of extremely poor quality and not worth the price paid. Despite raising a complaint, there was no proper response or resolution from customer support. Additionally, the prices listed in the app are much higher compared to the actual prices at the restaurant, which feels unfair to customers. Overall, a very unsatisfactory experience. I hope serious improvements are made in food quality checks, pricing transparency, and customer service",1,03-03-2026 18:36,,0,Zomato,Food Delivery
xeclent,4,03-03-2026 18:33,19.4.2,0,Zomato,Food Delivery
worst app,1,03-03-2026 18:33,19.4.2,0,Zomato,Food Delivery
Customer Friendly approach.,5,03-03-2026 18:32,19.4.2,0,Zomato,Food Delivery
expensive,4,03-03-2026 18:30,19.4.2,0,Zomato,Food Delivery
experience is very good and even price is very affordable,4,03-03-2026 18:29,19.3.9,0,Zomato,Food Delivery
one of the best app for food delivery ❤️,5,03-03-2026 18:27,19.4.2,0,Zomato,Food Delivery
packing charge 28+ delivery charge 73. Shop to my home 3km distance,1,03-03-2026 18:27,19.4.2,0,Zomato,Food Delivery
good,5,03-03-2026 18:26,19.3.9,0,Zomato,Food Delivery
good service,4,03-03-2026 18:26,19.3.7,0,Zomato,Food Delivery
good,3,03-03-2026 18:26,19.4.2,0,Zomato,Food Delivery
good for very attractive offers,5,03-03-2026 18:26,19.4.2,0,Zomato,Food Delivery
good,5,03-03-2026 18:25,19.0.7,0,Zomato,Food Delivery
best for ordering food,5,03-03-2026 18:25,19.4.2,0,Zomato,Food Delivery
good,4,03-03-2026 18:24,,0,Zomato,Food Delivery
helps me to eat my favorite food at home 🏡 😋,5,03-03-2026 18:23,19.3.1,0,Zomato,Food Delivery
abhi khana nhi mila khana mil jaye rating kar duga,4,03-03-2026 18:21,19.4.2,0,Zomato,Food Delivery
Enjoying it👍,5,03-03-2026 18:20,19.4.2,0,Zomato,Food Delivery
delivery fee is too high platform fee is too high and also contain gst. if I order of 120 rupees then 110 is extra fees.,1,03-03-2026 18:18,19.4.2,0,Zomato,Food Delivery
very good,5,03-03-2026 18:17,,0,Zomato,Food Delivery
nice and tasty food many restaurants options next level 👍🏻👍🏻👍🏻,4,03-03-2026 18:14,19.3.9,0,Zomato,Food Delivery
nice app,5,03-03-2026 18:12,19.3.9,0,Zomato,Food Delivery
bohot loot te hai,1,03-03-2026 18:12,19.3.9,0,Zomato,Food Delivery
very nice,5,03-03-2026 18:10,19.3.6,0,Zomato,Food Delivery
Really bad experience with their customer support.,1,03-03-2026 18:07,19.4.2,0,Zomato,Food Delivery
the service is good but timing to silver the order is taking alot time,5,03-03-2026 18:05,19.4.2,0,Zomato,Food Delivery
always good service and perfect timing of delivering,5,03-03-2026 18:03,19.3.9,0,Zomato,Food Delivery
fast dilivery,5,03-03-2026 18:03,,0,Zomato,Food Delivery
🌟🌟🌟🌟🌟🌟,5,03-03-2026 18:03,19.3.9,0,Zomato,Food Delivery
best application but COD NOT AVAILABLE PLEASE ADD THE COD,5,03-03-2026 18:02,18.8.1,0,Zomato,Food Delivery
super experience always,5,03-03-2026 18:01,,0,Zomato,Food Delivery
superb app for food,5,03-03-2026 18:01,19.3.9,0,Zomato,Food Delivery
"add other upi id option got disappear ,why ab payment kaise krugi dusre phone se ,add this option please",3,03-03-2026 18:00,,0,Zomato,Food Delivery
"Fast, fresh, and friendly. 5 stars!",5,03-03-2026 17:59,19.3.6,0,Zomato,Food Delivery
very good,4,03-03-2026 17:58,19.4.2,0,Zomato,Food Delivery
nice,5,03-03-2026 17:57,19.4.2,0,Zomato,Food Delivery
very well,5,03-03-2026 17:54,19.4.2,0,Zomato,Food Delivery
A good time saving app. Also budget friendly. Lots of restaurants options to choose from.🫡,5,03-03-2026 17:46,19.3.9,0,Zomato,Food Delivery
"extremely poor quality of service, no at all recommend for future generations",1,03-03-2026 17:46,,0,Zomato,Food Delivery
nice,5,03-03-2026 17:45,19.3.9,0,Zomato,Food Delivery
great,5,03-03-2026 17:44,,0,Zomato,Food Delivery
thank you 💜 for your service,5,03-03-2026 17:42,19.4.2,0,Zomato,Food Delivery
"Always had a great experience ordering from zomato, compare to other food delivery service zomato is best in user experience",5,03-03-2026 17:41,,0,Zomato,Food Delivery
good,2,03-03-2026 17:40,19.3.9,0,Zomato,Food Delivery
excellent,5,03-03-2026 17:36,,0,Zomato,Food Delivery
good,5,03-03-2026 17:33,19.3.9,0,Zomato,Food Delivery
good,5,03-03-2026 17:31,19.3.9,0,Zomato,Food Delivery
food is almost never late and the variety of food options is really good. The app UI is also user friendly. My only issue is that gold members get barely any benefits as the cost for discount is usually charged in really expensive delivery charges or lack of good discount coupons.,4,03-03-2026 17:31,19.4.2,0,Zomato,Food Delivery
excellent service,5,03-03-2026 17:26,,0,Zomato,Food Delivery
lovely,5,03-03-2026 17:26,19.3.9,0,Zomato,Food Delivery
every time I order an app I will get good experience,5,03-03-2026 17:25,19.3.9,0,Zomato,Food Delivery
👍🏻,5,03-03-2026 17:24,19.3.9,0,Zomato,Food Delivery
best app for foodie 😋,5,03-03-2026 17:21,19.4.2,0,Zomato,Food Delivery
good,5,03-03-2026 17:19,19.3.9,0,Zomato,Food Delivery
amazing,5,03-03-2026 17:18,,0,Zomato,Food Delivery
Easy to navigate and gives good offers compared to other platforms,5,03-03-2026 17:12,19.4.2,0,Zomato,Food Delivery
good delivery platform 👍,5,03-03-2026 17:11,19.3.0,0,Zomato,Food Delivery
great experience,5,03-03-2026 17:10,,0,Zomato,Food Delivery
Eatables fresh n timely delivered,5,03-03-2026 17:10,19.3.9,0,Zomato,Food Delivery
best food delivery app,5,03-03-2026 17:09,19.3.9,0,Zomato,Food Delivery
have you become CHUTIYAS or Anpad ... if the restaurant is delaying the order more then 20 or 30 min and we transfer the order in Zero Penalty then how does Rider deleyd.. ? and the medals Decrease.. .. HIRE ANY EDUCATED PERSONS,1,03-03-2026 17:04,19.4.2,0,Zomato,Food Delivery
un responding customer care... my issue is not resolved and they are not willing to refund.which I wasn't received. I recommend Swiggy,1,03-03-2026 16:58,19.3.9,0,Zomato,Food Delivery
best food,4,03-03-2026 16:58,19.4.2,0,Zomato,Food Delivery
one of the worst experience in this app irresponsible zomato partner and management and also they won't refund our hard and money,1,03-03-2026 16:58,19.3.9,0,Zomato,Food Delivery
❤️,5,03-03-2026 16:55,19.2.1,0,Zomato,Food Delivery
best deal a person get here,5,03-03-2026 16:54,19.3.7,0,Zomato,Food Delivery
good,5,03-03-2026 16:52,,0,Zomato,Food Delivery
good,4,03-03-2026 16:51,,0,Zomato,Food Delivery
Very convenient for my frequent train journeys,5,03-03-2026 16:46,,0,Zomato,Food Delivery
Amazing App I love ordering food from it .,5,03-03-2026 16:42,,0,Zomato,Food Delivery
so good,5,03-03-2026 16:41,,0,Zomato,Food Delivery
good,5,03-03-2026 16:39,19.3.9,0,Zomato,Food Delivery
good service,5,03-03-2026 16:34,19.3.7,0,Zomato,Food Delivery
very good services,4,03-03-2026 16:33,19.2.5,0,Zomato,Food Delivery
fast and economic,5,03-03-2026 16:32,19.3.4,0,Zomato,Food Delivery
Good,5,03-03-2026 16:30,19.3.9,0,Zomato,Food Delivery
verey good,5,03-03-2026 16:30,19.3.9,0,Zomato,Food Delivery
⚜️,5,03-03-2026 16:30,19.3.9,0,Zomato,Food Delivery
understandably rates of delivery chamge tume to time . as long it come inreaaonable rime. and hot ... ok,4,03-03-2026 16:30,,0,Zomato,Food Delivery
this is too much good app I mean ham log baithe baithe kuchh bhi order kar sakte aur turant hi a bhi jata hai it is too much good,5,03-03-2026 16:29,19.4.2,0,Zomato,Food Delivery
very good,5,03-03-2026 16:28,,0,Zomato,Food Delivery
happy,5,03-03-2026 16:27,19.3.9,0,Zomato,Food Delivery
order will deliver fast but the delivery charges are too high,4,03-03-2026 16:27,19.3.9,0,Zomato,Food Delivery
Very bad experience 😞😕. & I hated this app,1,03-03-2026 16:26,19.4.2,0,Zomato,Food Delivery
best delivery ever,5,03-03-2026 16:22,19.3.9,0,Zomato,Food Delivery
good,5,03-03-2026 16:21,19.3.9,0,Zomato,Food Delivery
"Food delivery mechanism! I used to be on Swiggy a lot, but now I feel like Zomato has improved a lot on their UI, restaurant options, delivery system and services. My suggestion: Install this one stop solution for all your hunger satiation.",5,03-03-2026 16:20,19.4.2,0,Zomato,Food Delivery
mas furate,5,03-03-2026 16:19,19.4.2,0,Zomato,Food Delivery
good app,5,03-03-2026 16:17,19.3.9,0,Zomato,Food Delivery
love it 🥰🥰,5,03-03-2026 16:16,19.4.2,0,Zomato,Food Delivery
good,5,03-03-2026 16:16,18.3.2,0,Zomato,Food Delivery
very good,5,03-03-2026 16:12,19.3.9,0,Zomato,Food Delivery
very bad 👎 bad,1,03-03-2026 16:12,,0,Zomato,Food Delivery
good,4,03-03-2026 16:12,19.3.9,0,Zomato,Food Delivery
zomato has always been the go to app for food delivery. it's the best and to be honest it has the fastest delivery compared to all other food delivery apps of my experience. no complaints it's the best,5,03-03-2026 16:11,19.3.7,0,Zomato,Food Delivery
excellent performance,5,03-03-2026 16:07,19.4.2,0,Zomato,Food Delivery
good experience,5,03-03-2026 16:04,19.3.9,0,Zomato,Food Delivery
best Dilevery,5,03-03-2026 16:04,19.3.9,0,Zomato,Food Delivery
ok,3,03-03-2026 16:03,19.3.9,0,Zomato,Food Delivery
very nice app,5,03-03-2026 16:01,19.4.2,0,Zomato,Food Delivery
very good and good prices,5,03-03-2026 16:01,19.4.2,0,Zomato,Food Delivery
super very fast service,5,03-03-2026 15:59,19.4.2,0,Zomato,Food Delivery
not bad,4,03-03-2026 15:55,19.3.4,0,Zomato,Food Delivery
good 👍,5,03-03-2026 15:54,19.3.9,0,Zomato,Food Delivery
very good service,5,03-03-2026 15:54,19.4.2,0,Zomato,Food Delivery
fast and nice food,5,03-03-2026 15:52,19.3.9,0,Zomato,Food Delivery
amazing service,5,03-03-2026 15:51,19.4.2,0,Zomato,Food Delivery
nice,5,03-03-2026 15:49,,0,Zomato,Food Delivery
zomato rate and hotal menu rate is deferent,1,03-03-2026 15:47,19.3.9,0,Zomato,Food Delivery
better than swiggy 🫡,5,03-03-2026 15:47,,0,Zomato,Food Delivery
Zomato is so awesome and the food was very delicious 🤤,5,03-03-2026 15:47,19.4.2,0,Zomato,Food Delivery
nice .... according to Swiggy price,5,03-03-2026 15:46,,0,Zomato,Food Delivery
good,5,03-03-2026 15:45,19.3.9,0,Zomato,Food Delivery
Bad customer service.,1,03-03-2026 15:42,19.0.7,0,Zomato,Food Delivery
Horrible customer service.,1,03-03-2026 15:40,19.4.2,0,Zomato,Food Delivery
excellent service and preparation,5,03-03-2026 15:35,,0,Zomato,Food Delivery
good,4,03-03-2026 15:35,,0,Zomato,Food Delivery
good,5,03-03-2026 15:33,19.3.9,0,Zomato,Food Delivery
very helpful when you don't want to go outside for food..lol,5,03-03-2026 15:33,19.3.9,0,Zomato,Food Delivery
nice 🙂,5,03-03-2026 15:32,19.3.9,0,Zomato,Food Delivery
nice,5,03-03-2026 15:32,19.4.2,0,Zomato,Food Delivery
Becoz I'm Eating,5,03-03-2026 15:30,19.3.9,0,Zomato,Food Delivery
Good service by gige worker and all staff of Zomato.please increase the wages of gige employees,1,03-03-2026 15:27,19.4.2,0,Zomato,Food Delivery
food West food problam,1,03-03-2026 15:26,,0,Zomato,Food Delivery
very excellent 👌,5,03-03-2026 15:25,19.4.2,0,Zomato,Food Delivery
good,5,03-03-2026 15:24,19.3.6,0,Zomato,Food Delivery
nice app,5,03-03-2026 15:24,19.3.2,0,Zomato,Food Delivery
good,5,03-03-2026 15:23,,0,Zomato,Food Delivery
good food..,5,03-03-2026 15:22,19.3.9,0,Zomato,Food Delivery
ok ok,3,03-03-2026 15:22,19.3.9,0,Zomato,Food Delivery
Nice,5,03-03-2026 15:20,19.3.9,0,Zomato,Food Delivery
its a very amazing app for foodies like meh😅... but everyone who is really found of foods they may enjoy the app 😌,5,03-03-2026 15:18,19.4.2,0,Zomato,Food Delivery
great app,5,03-03-2026 15:13,19.4.2,0,Zomato,Food Delivery
don't use this application prices too high and bad food quality,1,03-03-2026 15:12,,0,Zomato,Food Delivery
very good delivery timing 😍,5,03-03-2026 15:09,19.3.9,0,Zomato,Food Delivery
Very good,5,03-03-2026 15:09,19.3.9,0,Zomato,Food Delivery
good works,5,03-03-2026 15:04,19.3.9,0,Zomato,Food Delivery
"very good delivery and food experience, delivery is in time",4,03-03-2026 15:03,19.3.9,0,Zomato,Food Delivery
so usefull app pleas try this appa,5,03-03-2026 15:02,19.3.9,0,Zomato,Food Delivery
better then swiggy frrrrr,4,03-03-2026 15:02,,0,Zomato,Food Delivery
All things are good but coupan code is not working on Cash on delivery option & some foods rate are high.,4,03-03-2026 15:00,19.4.2,0,Zomato,Food Delivery
Good App,5,03-03-2026 15:00,19.3.4,0,Zomato,Food Delivery
prompt delivery,4,03-03-2026 14:58,19.3.9,0,Zomato,Food Delivery
very good app with great discounts,5,03-03-2026 14:57,19.3.9,0,Zomato,Food Delivery
nice,5,03-03-2026 14:56,19.3.7,0,Zomato,Food Delivery
good,5,03-03-2026 14:55,19.3.7,0,Zomato,Food Delivery
"Good experience, food rates are comparatively less than Swiggy and providing more discounts while placing the orders",5,03-03-2026 14:54,19.3.9,0,Zomato,Food Delivery
🥰🥰,5,03-03-2026 14:53,,0,Zomato,Food Delivery
Thank You,5,03-03-2026 14:51,19.4.2,0,Zomato,Food Delivery
Excellent,5,03-03-2026 14:50,19.3.9,0,Zomato,Food Delivery
Best food for online,5,03-03-2026 14:48,19.4.2,0,Zomato,Food Delivery
Alwys excellent service!,5,03-03-2026 14:47,19.3.9,0,Zomato,Food Delivery
good Taste 👍... nice 👍,5,03-03-2026 14:46,,0,Zomato,Food Delivery
I got good offers in future I wish they will give me offers,5,03-03-2026 14:45,19.3.9,0,Zomato,Food Delivery
he is no 1,5,03-03-2026 14:45,19.3.9,0,Zomato,Food Delivery
superb,5,03-03-2026 14:44,19.4.2,0,Zomato,Food Delivery
Nice work 👍,5,03-03-2026 14:44,19.3.9,0,Zomato,Food Delivery
always have a good experience,5,03-03-2026 14:42,19.3.9,0,Zomato,Food Delivery
worst app there is no way they connect to and customer care executive. There is always delays in order always and there is no compensation to the customer as he is the one who pays amd suffers the delays caused by the company side. No answer and this company is clueless what to do and how to do,1,03-03-2026 14:40,19.3.9,0,Zomato,Food Delivery
कौड़ियों लोगो का जगह,5,03-03-2026 14:40,19.4.2,0,Zomato,Food Delivery
nice,5,03-03-2026 14:40,19.3.9,0,Zomato,Food Delivery
great and fast,5,03-03-2026 14:39,,0,Zomato,Food Delivery
hate,1,03-03-2026 14:37,19.3.9,0,Zomato,Food Delivery
Lol the prices are so high . every item that is listed here is doubled in price than actual price. if i go into the restaurant i could buy the same item for half price lol. we only use zomato so that we don't have to go there for ourselves. it would be ok if the difference is little like 20 to 30 rupees but no the difference is doubled and other than that you have to pay the delivery charge and and then comes tax lol .,1,03-03-2026 14:36,17.3.9,4,Zomato,Food Delivery
excellent 👍🏻,5,03-03-2026 14:35,19.4.2,0,Zomato,Food Delivery
good,5,03-03-2026 14:35,19.3.9,0,Zomato,Food Delivery
Nice,4,03-03-2026 14:34,19.3.9,0,Zomato,Food Delivery
very good,5,03-03-2026 14:31,19.4.2,0,Zomato,Food Delivery
good work,5,03-03-2026 14:30,,0,Zomato,Food Delivery
super,5,03-03-2026 14:28,19.3.4,0,Zomato,Food Delivery
good,4,03-03-2026 14:28,19.4.2,0,Zomato,Food Delivery
good delivery time,5,03-03-2026 14:27,19.3.9,0,Zomato,Food Delivery
very good 👍,5,03-03-2026 14:26,19.3.9,0,Zomato,Food Delivery
❤️‍🩹,5,03-03-2026 14:26,19.3.4,0,Zomato,Food Delivery
super app,4,03-03-2026 14:25,19.4.2,0,Zomato,Food Delivery
good,5,03-03-2026 14:25,19.4.2,0,Zomato,Food Delivery
good ❤️❤️❤️ zomato,5,03-03-2026 14:25,19.4.2,0,Zomato,Food Delivery
good offers,5,03-03-2026 14:24,19.3.6,0,Zomato,Food Delivery
cash on delivery nahi ataha,1,03-03-2026 14:24,,0,Zomato,Food Delivery
good,5,03-03-2026 14:23,19.3.0,0,Zomato,Food Delivery
Good Experience,5,03-03-2026 14:22,19.4.2,0,Zomato,Food Delivery
it's good,4,03-03-2026 14:22,,0,Zomato,Food Delivery
good,5,03-03-2026 14:21,19.3.9,0,Zomato,Food Delivery
very good,5,03-03-2026 14:20,19.4.2,0,Zomato,Food Delivery
disappointed with the km reduced with membership plan...its useful more to use membership plan when to order...at now it's just ok with zomato,4,03-03-2026 14:19,19.3.9,0,Zomato,Food Delivery
nice app,5,03-03-2026 14:18,19.4.2,0,Zomato,Food Delivery
good,5,03-03-2026 14:18,19.3.9,0,Zomato,Food Delivery
excellent,5,03-03-2026 14:17,19.4.2,0,Zomato,Food Delivery
good experience,4,03-03-2026 14:14,19.3.9,0,Zomato,Food Delivery
Good service,5,03-03-2026 14:14,19.3.1,0,Zomato,Food Delivery
fabulous service,5,03-03-2026 14:13,19.3.9,0,Zomato,Food Delivery
awesome 😎,5,03-03-2026 14:13,19.4.2,0,Zomato,Food Delivery
nice,3,03-03-2026 14:12,19.3.9,0,Zomato,Food Delivery
thank,4,03-03-2026 14:12,19.4.2,0,Zomato,Food Delivery
nice 👍 work,4,03-03-2026 14:10,19.4.2,0,Zomato,Food Delivery
we want coupen i think its high price,4,03-03-2026 14:10,19.3.9,0,Zomato,Food Delivery
good 👍,5,03-03-2026 14:09,19.3.7,0,Zomato,Food Delivery
tastes good,5,03-03-2026 14:07,19.4.2,0,Zomato,Food Delivery
very good app,5,03-03-2026 14:05,19.3.7,0,Zomato,Food Delivery
good,4,03-03-2026 14:05,19.3.9,0,Zomato,Food Delivery
🤗🤌🏻,1,03-03-2026 14:03,19.3.9,0,Zomato,Food Delivery
😊,5,03-03-2026 14:03,19.4.2,0,Zomato,Food Delivery
More Discounts on Zomato,5,03-03-2026 14:02,19.3.9,0,Zomato,Food Delivery
Faaaaaah!!,4,03-03-2026 14:01,19.3.2,0,Zomato,Food Delivery
good,4,03-03-2026 14:01,,0,Zomato,Food Delivery
"used it for last 3-4 years. earlier they used to have a very good customer support but recently they are just becoming profit oriented. I ordered my food, 30 minutes later I got a call from restaurant that we are not processing your order please cancel it. 2 minutes later my order was cancelled automatically. no refund, no support. Just AI in the name of customer support",1,03-03-2026 14:01,,0,Zomato,Food Delivery
super hero 💪👏,5,03-03-2026 14:00,19.4.2,0,Zomato,Food Delivery
good,5,03-03-2026 14:00,19.3.1,0,Zomato,Food Delivery
very good,5,03-03-2026 13:58,19.4.2,0,Zomato,Food Delivery
Wonderful,5,03-03-2026 13:58,19.3.9,0,Zomato,Food Delivery
timely delivery,5,03-03-2026 13:58,19.4.2,0,Zomato,Food Delivery
good food,5,03-03-2026 13:56,19.3.9,0,Zomato,Food Delivery
good,5,03-03-2026 13:55,19.3.9,0,Zomato,Food Delivery
nice,5,03-03-2026 13:55,19.3.9,0,Zomato,Food Delivery
good delivery app,5,03-03-2026 13:55,,0,Zomato,Food Delivery
it's good,5,03-03-2026 13:54,19.3.9,0,Zomato,Food Delivery
good service 👍,5,03-03-2026 13:53,19.4.2,0,Zomato,Food Delivery
GOOD BUT NOT SATISFIED,4,03-03-2026 13:51,,0,Zomato,Food Delivery
குட்,5,03-03-2026 13:51,19.4.2,0,Zomato,Food Delivery
good,5,03-03-2026 13:50,19.3.2,0,Zomato,Food Delivery
nice 👍,4,03-03-2026 13:48,19.3.9,0,Zomato,Food Delivery
over charge in restaurant,5,03-03-2026 13:44,19.3.9,0,Zomato,Food Delivery
nice experience,5,03-03-2026 13:43,,0,Zomato,Food Delivery
Very Nice,5,03-03-2026 13:42,19.4.2,0,Zomato,Food Delivery
good,5,03-03-2026 13:40,19.3.9,0,Zomato,Food Delivery
ok,5,03-03-2026 13:40,19.3.0,0,Zomato,Food Delivery
"today is the first day 2nd time, so given only 4. Later it will increase",4,03-03-2026 13:36,19.4.2,0,Zomato,Food Delivery
"I ordered from Zomato, the order quantity was high, I was missing 2 items just from ordering, customer support did not respond, what is the use of such a big company sending so much to the customer",1,03-03-2026 13:36,19.4.2,0,Zomato,Food Delivery
excellent,5,03-03-2026 13:35,19.3.9,0,Zomato,Food Delivery
Excellent Service !!,5,03-03-2026 13:35,,0,Zomato,Food Delivery
Have a very fast dilevery and riders are very polite,5,03-03-2026 13:35,19.3.9,0,Zomato,Food Delivery
ok,5,03-03-2026 13:35,19.4.2,0,Zomato,Food Delivery
very good,4,03-03-2026 13:34,19.3.9,0,Zomato,Food Delivery
super,5,03-03-2026 13:34,19.0.5,0,Zomato,Food Delivery
Good,5,03-03-2026 13:33,,0,Zomato,Food Delivery
nice 👍,5,03-03-2026 13:32,19.3.9,0,Zomato,Food Delivery
cool,5,03-03-2026 13:30,19.4.2,0,Zomato,Food Delivery
very good 👍😊,5,03-03-2026 13:29,19.4.2,0,Zomato,Food Delivery
"wrong item order Diya photo complaint Kiya tho bhi nhi replacement kiya bohot ghatiya service dete hai from last 2-3 yrs se vo bahot bad experience hai na refund na replacement kuch bhi solution nahi. Humara time ,money aur food waste krte hai.",1,03-03-2026 13:29,19.4.2,0,Zomato,Food Delivery
good,5,03-03-2026 13:28,19.3.9,0,Zomato,Food Delivery
good,4,03-03-2026 13:26,19.4.2,0,Zomato,Food Delivery
excellent delivery,5,03-03-2026 13:26,19.3.9,0,Zomato,Food Delivery
good,5,03-03-2026 13:24,19.3.9,0,Zomato,Food Delivery
excellent,4,03-03-2026 13:23,19.4.2,0,Zomato,Food Delivery
nice,5,03-03-2026 13:22,,0,Zomato,Food Delivery
good,5,03-03-2026 13:22,19.4.2,0,Zomato,Food Delivery
good,4,03-03-2026 13:21,19.3.4,0,Zomato,Food Delivery
good 😊👍,5,03-03-2026 13:21,19.4.2,0,Zomato,Food Delivery
good,4,03-03-2026 13:19,19.3.9,0,Zomato,Food Delivery
nice 👍,4,03-03-2026 13:19,19.3.9,0,Zomato,Food Delivery
best delivery platform and I enjoy tha food in day and raat I love it,5,03-03-2026 13:19,,0,Zomato,Food Delivery
good service,5,03-03-2026 13:18,19.3.2,0,Zomato,Food Delivery
good service,4,03-03-2026 13:18,19.3.9,0,Zomato,Food Delivery
Good,3,03-03-2026 13:16,19.4.2,0,Zomato,Food Delivery
good,5,03-03-2026 13:16,19.4.2,0,Zomato,Food Delivery
"The app is good to see nearby food options, loved the app gives sugarfree cake options too!",4,03-03-2026 13:14,19.3.2,0,Zomato,Food Delivery
good service with havey discount,5,03-03-2026 13:14,19.3.9,0,Zomato,Food Delivery
soo good but no offers,5,03-03-2026 13:14,19.4.2,0,Zomato,Food Delivery
"Good, charges are unnecessary.",3,03-03-2026 13:13,,0,Zomato,Food Delivery
nice pic WOW,5,03-03-2026 13:13,19.3.1,0,Zomato,Food Delivery
very excellent 👌,5,03-03-2026 13:13,19.4.2,0,Zomato,Food Delivery
good,3,03-03-2026 13:12,19.4.2,0,Zomato,Food Delivery
This is very Bad app I am requesting to you zomato please cash on delivery available,1,03-03-2026 13:12,19.4.2,0,Zomato,Food Delivery
very nice service,5,03-03-2026 13:11,19.4.2,0,Zomato,Food Delivery
nice food,5,03-03-2026 13:11,,0,Zomato,Food Delivery
The overall experience is good however sometimes meals are not well prepared and full of oil and spice in spite of clear requests to use less spice.,4,03-03-2026 13:11,19.4.2,0,Zomato,Food Delivery
easy delivery and good meal,5,03-03-2026 13:10,19.3.9,0,Zomato,Food Delivery
nice,5,03-03-2026 13:07,19.3.9,0,Zomato,Food Delivery
this app is amazing also the food is also good and delivery is on time,5,03-03-2026 13:07,,0,Zomato,Food Delivery
its nice,5,03-03-2026 13:06,19.3.0,0,Zomato,Food Delivery
price are affordable,4,03-03-2026 13:05,19.3.9,0,Zomato,Food Delivery
this is good,4,03-03-2026 13:05,19.3.9,0,Zomato,Food Delivery
amazing,5,03-03-2026 13:05,19.4.2,0,Zomato,Food Delivery
very helpful,5,03-03-2026 13:05,19.3.7,0,Zomato,Food Delivery
Tqq for this app,5,03-03-2026 13:04,19.3.9,0,Zomato,Food Delivery
not for good very baad experience,1,03-03-2026 13:03,,0,Zomato,Food Delivery
first time using,5,03-03-2026 13:02,19.4.2,0,Zomato,Food Delivery
good,5,03-03-2026 13:01,19.4.2,0,Zomato,Food Delivery
best,4,03-03-2026 12:59,19.3.9,0,Zomato,Food Delivery
helpful,5,03-03-2026 12:59,19.3.9,0,Zomato,Food Delivery
Easy to handle and more cheaper than Swiggy and provides good offer,4,03-03-2026 12:57,19.4.2,0,Zomato,Food Delivery
Good,5,03-03-2026 12:55,19.3.9,0,Zomato,Food Delivery
billa bhai,5,03-03-2026 12:55,19.3.9,0,Zomato,Food Delivery
Good Service. Very useful while Travelling.,5,03-03-2026 12:53,19.3.9,0,Zomato,Food Delivery
Good,5,03-03-2026 12:52,19.4.2,0,Zomato,Food Delivery
happy on service,5,03-03-2026 12:51,19.3.9,0,Zomato,Food Delivery
Good Food delivery app for bachelors,5,03-03-2026 12:50,19.4.2,0,Zomato,Food Delivery
good service,5,03-03-2026 12:50,19.3.9,0,Zomato,Food Delivery
గుడ్,5,03-03-2026 12:50,,0,Zomato,Food Delivery
really good,4,03-03-2026 12:48,19.4.2,0,Zomato,Food Delivery
best food aapp,4,03-03-2026 12:48,19.3.9,0,Zomato,Food Delivery
best,5,03-03-2026 12:47,19.4.2,0,Zomato,Food Delivery
good,5,03-03-2026 12:46,19.3.9,0,Zomato,Food Delivery
very good app.,5,03-03-2026 12:46,19.4.2,0,Zomato,Food Delivery
good,5,03-03-2026 12:46,19.4.2,0,Zomato,Food Delivery
very good delivery serve better offers but night time heavy cost delivery charges cash on delivery option is best,4,03-03-2026 12:45,19.3.4,0,Zomato,Food Delivery
it's ameging food delivery app ',5,03-03-2026 12:44,,0,Zomato,Food Delivery
i am happy with this app and i got fast delivery and good service,4,03-03-2026 12:41,19.3.9,0,Zomato,Food Delivery
good delivery 🚚,4,03-03-2026 12:41,19.3.9,0,Zomato,Food Delivery
wowooohhh,5,03-03-2026 12:41,,0,Zomato,Food Delivery
excellent service,5,03-03-2026 12:39,19.4.2,0,Zomato,Food Delivery
extradinary,5,03-03-2026 12:39,,0,Zomato,Food Delivery
good experience last 5 years,5,03-03-2026 12:39,19.3.9,0,Zomato,Food Delivery
very good food delivery app you all must download and enjoy there service they have great offer during this hestivalof colours. so download and enjoy,4,03-03-2026 12:39,19.3.9,0,Zomato,Food Delivery
kuchh khas app to nahin Hai Lekin swiggy se to achcha hi hai.,4,03-03-2026 12:37,19.4.2,0,Zomato,Food Delivery
The service is very good and there are providing many offers from the side of zomato.,5,03-03-2026 12:37,19.3.9,0,Zomato,Food Delivery
good,5,03-03-2026 12:36,19.3.7,0,Zomato,Food Delivery
"excellent should honor there effort, God bless",5,03-03-2026 12:35,,0,Zomato,Food Delivery
it's pleasure to have you... delivery on time...thankz anyway.,4,03-03-2026 12:34,19.3.9,0,Zomato,Food Delivery
best app is bhojnalaya,5,03-03-2026 12:33,19.3.4,0,Zomato,Food Delivery
great app fast & smooth interface sometimes good offer too,5,03-03-2026 12:32,,0,Zomato,Food Delivery
Competitive app providing Competitive prices,4,03-03-2026 12:31,19.4.2,0,Zomato,Food Delivery
very good .,5,03-03-2026 12:31,19.0.0,0,Zomato,Food Delivery
👍🏻,5,03-03-2026 12:31,19.3.7,0,Zomato,Food Delivery
very good,5,03-03-2026 12:30,,0,Zomato,Food Delivery
The cost of food is too much. you can get the same food with less expense......,1,03-03-2026 12:30,19.3.7,0,Zomato,Food Delivery
good service,5,03-03-2026 12:30,19.4.2,0,Zomato,Food Delivery
excellent,5,03-03-2026 12:29,19.2.7,0,Zomato,Food Delivery
Okey,5,03-03-2026 12:28,,0,Zomato,Food Delivery
early delivery.. superb,5,03-03-2026 12:27,19.3.9,0,Zomato,Food Delivery
Great app,4,03-03-2026 12:27,,0,Zomato,Food Delivery
good,5,03-03-2026 12:26,19.3.9,0,Zomato,Food Delivery
it's good 👍,5,03-03-2026 12:26,19.3.9,0,Zomato,Food Delivery
good,5,03-03-2026 12:25,19.3.9,0,Zomato,Food Delivery
I always preferred zomato on time delivery and best offers everyday.,5,03-03-2026 12:24,19.3.9,0,Zomato,Food Delivery
Tasty is Good and very neat and clean,5,03-03-2026 12:21,19.3.9,0,Zomato,Food Delivery
Nice,5,03-03-2026 12:21,19.3.9,0,Zomato,Food Delivery
the best service,5,03-03-2026 12:19,19.4.2,0,Zomato,Food Delivery
super app,5,03-03-2026 12:18,19.4.2,0,Zomato,Food Delivery
Bounded with Attractive offers and Excellent Services 🙏,5,03-03-2026 12:18,19.3.9,0,Zomato,Food Delivery
easy to use,5,03-03-2026 12:17,19.3.9,0,Zomato,Food Delivery
zomato,5,03-03-2026 12:17,,0,Zomato,Food Delivery
give better offers on coupons,4,03-03-2026 12:16,19.3.9,0,Zomato,Food Delivery
super,5,03-03-2026 12:16,19.4.2,0,Zomato,Food Delivery
too good,5,03-03-2026 12:13,19.3.9,0,Zomato,Food Delivery
superb,5,03-03-2026 12:13,19.4.2,0,Zomato,Food Delivery
Very user friendly amazing App. Keep it up guys. Happy with your services. All the Best to the Team Zomato.,5,03-03-2026 12:12,,0,Zomato,Food Delivery
earlier it was good...now it is the worst platform...swiggy is better,1,03-03-2026 12:12,16.2.3,0,Zomato,Food Delivery
superb nice 👍,5,03-03-2026 12:12,19.3.9,0,Zomato,Food Delivery
super,5,03-03-2026 12:11,19.3.9,0,Zomato,Food Delivery
nice,5,03-03-2026 12:11,19.3.4,0,Zomato,Food Delivery
loving it,5,03-03-2026 12:10,,0,Zomato,Food Delivery
very nice app,5,03-03-2026 12:09,19.3.9,0,Zomato,Food Delivery
excellent,5,03-03-2026 12:08,19.4.2,0,Zomato,Food Delivery
nice good service,5,03-03-2026 12:08,19.3.9,0,Zomato,Food Delivery
nice app! very helpful!!,5,03-03-2026 12:08,19.4.2,0,Zomato,Food Delivery
reasonable overheads,5,03-03-2026 12:05,19.4.2,0,Zomato,Food Delivery
I am totally satisfied with your service,5,03-03-2026 12:05,19.4.2,0,Zomato,Food Delivery
good service,5,03-03-2026 12:04,19.3.9,0,Zomato,Food Delivery
very helpful,5,03-03-2026 12:03,19.3.9,0,Zomato,Food Delivery
Good 👍,5,03-03-2026 12:03,19.4.2,0,Zomato,Food Delivery
good,4,03-03-2026 12:02,19.4.2,0,Zomato,Food Delivery
very tastie and prompt dalivery,5,03-03-2026 12:01,19.3.9,0,Zomato,Food Delivery
best app to order food,5,03-03-2026 11:59,19.3.4,0,Zomato,Food Delivery
excellent,5,03-03-2026 11:59,19.4.2,0,Zomato,Food Delivery
good,5,03-03-2026 11:58,19.3.9,0,Zomato,Food Delivery
"worst app doesn't give the food in time, have to wait for an hour for breakfast",1,03-03-2026 11:57,19.4.2,0,Zomato,Food Delivery
Nice..give 5 star when I got today's food best..😅,4,03-03-2026 11:56,19.3.9,0,Zomato,Food Delivery
good,5,03-03-2026 11:56,19.4.2,0,Zomato,Food Delivery
nice,5,03-03-2026 11:56,19.3.9,0,Zomato,Food Delivery
One of the best apps. Love it,5,03-03-2026 11:55,19.4.2,0,Zomato,Food Delivery
very good,5,03-03-2026 11:55,19.3.9,0,Zomato,Food Delivery
super,5,03-03-2026 11:54,19.4.2,0,Zomato,Food Delivery
good,5,03-03-2026 11:53,19.4.2,0,Zomato,Food Delivery
good,5,03-03-2026 11:51,19.3.9,0,Zomato,Food Delivery
awesome,5,03-03-2026 11:49,19.3.9,0,Zomato,Food Delivery
best app,5,03-03-2026 11:46,19.4.2,0,Zomato,Food Delivery
it's amazing experience fast and safe delivery and tasty food,5,03-03-2026 11:46,19.4.2,0,Zomato,Food Delivery
Fully satisfied with the service,5,03-03-2026 11:45,19.4.2,0,Zomato,Food Delivery
very good,5,03-03-2026 11:43,19.3.9,0,Zomato,Food Delivery
Faster Delivery Thank you,4,03-03-2026 11:43,19.3.4,0,Zomato,Food Delivery
best,1,03-03-2026 11:40,,0,Zomato,Food Delivery
good,5,03-03-2026 11:38,19.3.9,0,Zomato,Food Delivery
nice,5,03-03-2026 11:38,,0,Zomato,Food Delivery
nice,4,03-03-2026 11:37,19.4.2,0,Zomato,Food Delivery
very good,5,03-03-2026 11:36,,0,Zomato,Food Delivery
good,5,03-03-2026 11:36,19.3.9,0,Zomato,Food Delivery
nice 👍,5,03-03-2026 11:32,19.4.2,0,Zomato,Food Delivery
foot was awesome every time favourite Sangeeta but they are not giving my idiyappam,5,03-03-2026 11:31,19.3.2,0,Zomato,Food Delivery
Nice,5,03-03-2026 11:30,19.4.2,0,Zomato,Food Delivery
nice 👍,4,03-03-2026 11:30,,0,Zomato,Food Delivery
Service is good enough.,4,03-03-2026 11:26,19.4.2,0,Zomato,Food Delivery
fine,5,03-03-2026 11:24,19.3.9,0,Zomato,Food Delivery
Good,5,03-03-2026 11:23,19.4.2,0,Zomato,Food Delivery
ok,5,03-03-2026 11:22,19.4.2,0,Zomato,Food Delivery
order getting cancelled after the restaurant accepting the order,2,03-03-2026 11:21,,0,Zomato,Food Delivery
achi aap h,4,03-03-2026 11:20,19.3.9,0,Zomato,Food Delivery
nice,5,03-03-2026 11:19,19.4.2,0,Zomato,Food Delivery
super,5,03-03-2026 11:15,19.3.9,0,Zomato,Food Delivery
love it,5,03-03-2026 11:14,,0,Zomato,Food Delivery
Good food delivery app,5,03-03-2026 11:13,19.3.9,0,Zomato,Food Delivery
good experience,5,03-03-2026 11:10,19.4.2,0,Zomato,Food Delivery
better discounts and better food and quality delivery It's Zomato!! thankyoo so much team ! keep up the good work!,5,03-03-2026 11:10,,0,Zomato,Food Delivery
its good,4,03-03-2026 11:08,19.3.9,0,Zomato,Food Delivery
it's good,5,03-03-2026 11:06,19.3.9,0,Zomato,Food Delivery
excellent service,4,03-03-2026 11:04,19.3.9,0,Zomato,Food Delivery
very good,5,03-03-2026 11:01,19.3.1,0,Zomato,Food Delivery
good service 👍,5,03-03-2026 11:00,,0,Zomato,Food Delivery
best food app,5,03-03-2026 10:52,19.3.9,0,Zomato,Food Delivery
Best Food Delivery app.,5,03-03-2026 10:51,19.3.9,0,Zomato,Food Delivery
love the service,3,03-03-2026 10:48,19.3.9,0,Zomato,Food Delivery
super,5,03-03-2026 10:48,,0,Zomato,Food Delivery
best services,5,03-03-2026 10:46,19.3.9,0,Zomato,Food Delivery
good,5,03-03-2026 10:46,,0,Zomato,Food Delivery
good service,4,03-03-2026 10:42,,0,Zomato,Food Delivery
costing is high,4,03-03-2026 10:38,19.4.2,0,Zomato,Food Delivery
thankyou so much for your service,5,03-03-2026 10:37,19.4.2,0,Zomato,Food Delivery
nice 👍 food,5,03-03-2026 10:37,19.1.8,0,Zomato,Food Delivery
good,5,03-03-2026 10:34,19.4.2,0,Zomato,Food Delivery
EVEN THINGS ARE VERY GOOD 👍 👌,5,03-03-2026 10:33,19.4.2,0,Zomato,Food Delivery
The app is helpful,5,03-03-2026 10:31,19.3.9,0,Zomato,Food Delivery
Splendid,5,03-03-2026 10:31,19.4.2,0,Zomato,Food Delivery
godds,5,03-03-2026 10:24,19.3.7,0,Zomato,Food Delivery
nice,2,03-03-2026 10:20,19.3.9,0,Zomato,Food Delivery
good,5,03-03-2026 10:17,19.4.2,0,Zomato,Food Delivery
excellent,5,03-03-2026 10:17,19.3.9,0,Zomato,Food Delivery
food is very much delicious and intime delivered. tks time d,5,03-03-2026 10:14,,0,Zomato,Food Delivery
The service is good fast and reliable,5,03-03-2026 10:12,19.3.9,0,Zomato,Food Delivery
"I ordered food after seeing good pictures and reviews, but the actual food was very disappointing. It did not look like the photos and the taste was average. It seems like reviews are not genuine. Please improve quality and presentation.",2,03-03-2026 10:12,,0,Zomato,Food Delivery
"Fantastic,",5,03-03-2026 10:10,,0,Zomato,Food Delivery
very helpful and useful. on time delivery,5,03-03-2026 10:01,19.4.2,0,Zomato,Food Delivery
good,5,03-03-2026 10:00,19.4.2,0,Zomato,Food Delivery
super,5,03-03-2026 09:56,19.3.9,0,Zomato,Food Delivery
good experience....,5,03-03-2026 09:56,19.3.9,0,Zomato,Food Delivery
good,4,03-03-2026 09:55,19.3.9,0,Zomato,Food Delivery
good 😊,3,03-03-2026 09:52,19.4.2,0,Zomato,Food Delivery
nice,5,03-03-2026 09:47,19.4.2,0,Zomato,Food Delivery
ordering is smooth... delivery is imp,5,03-03-2026 09:45,19.3.7,0,Zomato,Food Delivery
worst app they literally charge 100 rupees or sometime more than that for an order and no timing sense soo pls do not order from this app....,1,03-03-2026 09:43,,0,Zomato,Food Delivery
nice app this all world,4,03-03-2026 09:38,19.3.9,0,Zomato,Food Delivery
it's really awesome every time I should be order anything it's awesome 😎,5,03-03-2026 09:36,19.3.9,0,Zomato,Food Delivery
much much better than swiggy,5,03-03-2026 09:34,19.4.2,0,Zomato,Food Delivery
right it's good 😊,4,03-03-2026 09:20,19.3.9,0,Zomato,Food Delivery
very good,5,03-03-2026 09:15,19.3.9,0,Zomato,Food Delivery
good work keep going,5,03-03-2026 09:10,19.3.9,0,Zomato,Food Delivery
on time delivery with neat packing... less calls... polite behaviour of delivery partners... keep going,5,03-03-2026 09:09,,0,Zomato,Food Delivery
in time delivery,5,03-03-2026 09:06,19.2.8,0,Zomato,Food Delivery
thnka you,5,03-03-2026 08:59,,0,Zomato,Food Delivery
superb,5,03-03-2026 08:53,19.4.2,0,Zomato,Food Delivery
good,5,03-03-2026 08:43,19.3.9,0,Zomato,Food Delivery
good,4,03-03-2026 08:42,19.4.2,0,Zomato,Food Delivery
Very useful and helpful service.,5,03-03-2026 08:35,19.3.9,0,Zomato,Food Delivery
LOVELY. food,5,03-03-2026 08:34,,0,Zomato,Food Delivery
very good but cash on delivery must be there,5,03-03-2026 08:33,19.3.9,0,Zomato,Food Delivery
first time,1,03-03-2026 08:09,19.3.9,0,Zomato,Food Delivery
Simply duping customers. Food is overpriced. Quality/quantity is compromised. No way to reach customer support.,1,03-03-2026 08:04,19.4.2,0,Zomato,Food Delivery
"Thank you, Zomato",5,03-03-2026 07:55,19.3.9,0,Zomato,Food Delivery
very happy to book in zomato.Let me receive the food and give the full feed back,5,03-03-2026 07:50,19.3.7,0,Zomato,Food Delivery
good,5,03-03-2026 07:44,19.3.7,0,Zomato,Food Delivery
I wish there was a zero rating because zomato charges extra money in the name of the platform and other charges too.,1,03-03-2026 07:37,19.4.2,1,Zomato,Food Delivery
good,5,03-03-2026 07:21,,0,Zomato,Food Delivery
i really love this app,5,03-03-2026 07:16,19.3.9,0,Zomato,Food Delivery
better than other food delivery apps 💯,5,03-03-2026 06:39,19.3.4,0,Zomato,Food Delivery
good,5,03-03-2026 06:38,19.3.4,0,Zomato,Food Delivery
nice,4,03-03-2026 06:07,19.3.9,0,Zomato,Food Delivery
good,3,03-03-2026 05:49,19.3.1,0,Zomato,Food Delivery
MDDIPUMIA,4,03-03-2026 05:42,19.4.2,0,Zomato,Food Delivery
THE BEHAVE AS IF WE THEIR SLAVES DELIVER ANYTHING THEY HAVE AVAILABLE THAT TOO STALE FOOD,1,03-03-2026 05:38,19.4.2,0,Zomato,Food Delivery
They list fraud restaurant and fraud rider will take your money and as you cancel they don't provide any refund.,1,03-03-2026 05:06,19.3.9,0,Zomato,Food Delivery
every time available sach a good app,5,03-03-2026 04:42,19.4.2,0,Zomato,Food Delivery
good,5,03-03-2026 04:35,19.4.2,0,Zomato,Food Delivery
always makes me happy trip this application,5,03-03-2026 04:07,19.3.7,0,Zomato,Food Delivery
good,4,03-03-2026 04:05,19.4.2,0,Zomato,Food Delivery
high rate,3,03-03-2026 04:04,19.3.9,0,Zomato,Food Delivery
good 👍,5,03-03-2026 03:54,19.3.9,0,Zomato,Food Delivery
Very Good 💯,5,03-03-2026 03:24,19.3.9,0,Zomato,Food Delivery
i am ordered at mid night then the zomato are on on that time 👌,4,03-03-2026 03:19,19.3.9,0,Zomato,Food Delivery
good but as gets its better,4,03-03-2026 03:12,19.4.2,0,Zomato,Food Delivery
good app,5,03-03-2026 03:11,19.3.9,0,Zomato,Food Delivery
nice 👍,5,03-03-2026 03:07,19.3.9,0,Zomato,Food Delivery
good,5,03-03-2026 02:58,19.3.7,0,Zomato,Food Delivery
fraud company they are looting people money tjey dont care about what u r getting if u get wrong order they dont do anything,1,03-03-2026 02:56,19.3.9,0,Zomato,Food Delivery
awesome,4,03-03-2026 02:43,,0,Zomato,Food Delivery
good offers,4,03-03-2026 02:39,,0,Zomato,Food Delivery
great,5,03-03-2026 02:34,19.3.9,0,Zomato,Food Delivery
best app for food,5,03-03-2026 02:33,19.4.2,0,Zomato,Food Delivery
good 😊 but more Frist,4,03-03-2026 02:31,19.3.9,0,Zomato,Food Delivery
"Zomato, the most roasted delivery app I've ever seen so far... I ordered a paneer sandwich from Zomato and then a call came from Zomato telling me the order was not available after a long period of waiting. Most importantly, what they delivered instead of a sandwich was a yellowish, chilled bottle filled with sour water or soda... and the most horrible thing was that nothing was even mentioned on the bottle. Roast!",1,03-03-2026 02:21,,0,Zomato,Food Delivery
lifesaver app fr,5,03-03-2026 02:18,19.3.9,0,Zomato,Food Delivery
nice,5,03-03-2026 02:14,,0,Zomato,Food Delivery
good food,5,03-03-2026 02:13,19.4.2,0,Zomato,Food Delivery
Best food app,5,03-03-2026 02:13,,0,Zomato,Food Delivery
worst service Swiggy is still better grouping orders and delaying time the food gets cold pathetic service and ai chat bots at your service,1,03-03-2026 02:12,19.3.9,0,Zomato,Food Delivery
ok,5,03-03-2026 02:11,19.3.9,0,Zomato,Food Delivery
of flight hai wo wo wo to to wo wo ek ek ek ek ek ek ek ek Russian revision Tbb the line and spring and summer winter and winter autumn rainy season spring and summer winter and winter and winter and winter and winter and winter and winter ☃️❄️☃️☃️☃️☃️☃️ and winter and rainy seasons and autumn rainy season spring 🌼🌼 to fix it should be healthy to see you in a day or not 🚭🚭 and winter autumn and winter ☃️❄️ and summer and winter ☃️☃️ and family to the family of a bar graph which you are some,2,03-03-2026 02:02,,0,Zomato,Food Delivery
good 👍🏼,5,03-03-2026 02:02,,0,Zomato,Food Delivery
nice app,5,03-03-2026 02:01,19.3.9,0,Zomato,Food Delivery
fast and expected,5,03-03-2026 01:59,,0,Zomato,Food Delivery
very impressive service...,5,03-03-2026 01:56,19.4.2,0,Zomato,Food Delivery
nice coupon codes 😁,5,03-03-2026 01:54,19.4.2,0,Zomato,Food Delivery
fabulous experience,5,03-03-2026 01:47,19.3.9,0,Zomato,Food Delivery
its amazing,5,03-03-2026 01:46,19.3.9,0,Zomato,Food Delivery
good,5,03-03-2026 01:46,19.4.2,0,Zomato,Food Delivery
best,5,03-03-2026 01:45,19.3.7,0,Zomato,Food Delivery
verygood,5,03-03-2026 01:35,19.3.9,0,Zomato,Food Delivery
over charge,1,03-03-2026 01:35,19.3.6,0,Zomato,Food Delivery
good,5,03-03-2026 01:33,19.3.9,0,Zomato,Food Delivery
good,5,03-03-2026 01:31,,0,Zomato,Food Delivery
good 😊,5,03-03-2026 01:27,19.3.9,0,Zomato,Food Delivery
Such a nice application for midnight cravings,4,03-03-2026 01:18,,0,Zomato,Food Delivery
very fast good and superb,5,03-03-2026 01:16,19.4.2,0,Zomato,Food Delivery
I like it,5,03-03-2026 01:13,19.4.2,0,Zomato,Food Delivery
Every time I ordered on this platform my order always late and in late night 2 time my order cancelled by zometo team delivery boy not picking coll .. use Swiggy always in time and always deliver food,1,03-03-2026 01:13,19.3.7,0,Zomato,Food Delivery
nice,5,03-03-2026 01:13,19.4.2,0,Zomato,Food Delivery
excellent customer service and good delivery,5,03-03-2026 01:10,19.4.2,0,Zomato,Food Delivery
good,5,03-03-2026 01:08,19.3.9,0,Zomato,Food Delivery
vv.good,5,03-03-2026 01:04,19.3.9,0,Zomato,Food Delivery
it's very fast,5,03-03-2026 01:04,19.3.9,0,Zomato,Food Delivery
nice,5,03-03-2026 01:02,19.3.9,0,Zomato,Food Delivery
delishis,3,03-03-2026 01:00,,0,Zomato,Food Delivery
nice awesome outstanding,5,03-03-2026 00:58,19.3.9,0,Zomato,Food Delivery
best aap,5,03-03-2026 00:56,19.3.9,0,Zomato,Food Delivery
zomato me Mera cash on delivery nahin de raha hai very bad 😞,1,03-03-2026 00:52,19.4.2,0,Zomato,Food Delivery
good 👍😊,5,03-03-2026 00:52,,0,Zomato,Food Delivery
great experience,5,03-03-2026 00:52,19.3.9,0,Zomato,Food Delivery
the best,5,03-03-2026 00:51,19.3.9,0,Zomato,Food Delivery
awesome,5,03-03-2026 00:49,19.3.9,0,Zomato,Food Delivery
"nice,I love your food",5,03-03-2026 00:48,19.3.9,0,Zomato,Food Delivery
good,5,03-03-2026 00:47,,0,Zomato,Food Delivery
super,5,03-03-2026 00:47,19.3.7,0,Zomato,Food Delivery
nice experience👍,4,03-03-2026 00:46,19.3.9,0,Zomato,Food Delivery
beautiful this app is satisfied me this app is better than whole food delivery app,5,03-03-2026 00:45,19.3.9,0,Zomato,Food Delivery
😁😁,5,03-03-2026 00:44,19.4.2,0,Zomato,Food Delivery
very bad experience worst app ever very bad experience I do pee in this app,1,03-03-2026 00:39,,0,Zomato,Food Delivery
good,5,03-03-2026 00:38,,0,Zomato,Food Delivery
good,5,03-03-2026 00:37,,0,Zomato,Food Delivery
very bad aap h ordered karo kuch aaya kuch h aur paise bhi refund nhi karte h ...,1,03-03-2026 00:36,,0,Zomato,Food Delivery
good service la but their have technical glitches.,4,03-03-2026 00:29,19.3.9,0,Zomato,Food Delivery
kuch bolne ki zaroorat hai?,5,03-03-2026 00:25,,0,Zomato,Food Delivery
nice,5,03-03-2026 00:21,19.3.9,0,Zomato,Food Delivery
good,5,03-03-2026 00:18,,0,Zomato,Food Delivery
nice,5,03-03-2026 00:16,19.4.2,0,Zomato,Food Delivery
very bad service. order delayed without any response,1,03-03-2026 00:15,19.1.8,0,Zomato,Food Delivery
amazing,5,03-03-2026 00:14,,0,Zomato,Food Delivery
Best app for food delivery,5,03-03-2026 00:11,,0,Zomato,Food Delivery
good srevice,5,03-03-2026 00:10,19.3.9,0,Zomato,Food Delivery
it's a partner of alone Time,5,03-03-2026 00:10,19.3.9,0,Zomato,Food Delivery
superb,5,03-03-2026 00:08,19.3.9,0,Zomato,Food Delivery
happy,5,03-03-2026 00:05,,0,Zomato,Food Delivery
good response,5,03-03-2026 00:03,,0,Zomato,Food Delivery
zomato app is very nice l love it it is very comfortable,5,03-03-2026 00:02,19.4.2,0,Zomato,Food Delivery
zomato gives a discount but doesn't feel like discount,3,03-03-2026 00:00,19.4.2,0,Zomato,Food Delivery
very good service,4,02-03-2026 23:59,,0,Zomato,Food Delivery
good service nice job,4,02-03-2026 23:55,19.4.2,0,Zomato,Food Delivery
nice,5,02-03-2026 23:54,19.3.9,0,Zomato,Food Delivery
it's good,5,02-03-2026 23:53,19.3.9,0,Zomato,Food Delivery
zomato doing good job 🫰,5,02-03-2026 23:53,19.3.9,0,Zomato,Food Delivery
bad service,1,02-03-2026 23:51,,0,Zomato,Food Delivery
everything is good but hire some delevery partners in madurai,4,02-03-2026 23:50,,0,Zomato,Food Delivery
"Fraud app few foods are missing & delivered incorrect item , They didn't give refund which I pay for it but didn't received. They even delivered leftover food from restaurants",1,02-03-2026 23:49,19.4.2,1,Zomato,Food Delivery
oppp,5,02-03-2026 23:39,19.3.9,0,Zomato,Food Delivery
i love and like zamato,5,02-03-2026 23:38,19.3.7,0,Zomato,Food Delivery
amazing,5,02-03-2026 23:37,,0,Zomato,Food Delivery
वेरी नाइस सर्विस,5,02-03-2026 23:37,19.4.2,0,Zomato,Food Delivery
achha hai,5,02-03-2026 23:36,19.4.2,0,Zomato,Food Delivery
best experience,5,02-03-2026 23:35,19.3.9,0,Zomato,Food Delivery
good service,5,02-03-2026 23:34,19.3.9,0,Zomato,Food Delivery
good,5,02-03-2026 23:31,19.3.9,0,Zomato,Food Delivery
nice,5,02-03-2026 23:31,,0,Zomato,Food Delivery
Nice,5,02-03-2026 23:31,19.3.9,0,Zomato,Food Delivery
kollam,3,02-03-2026 23:29,19.3.9,0,Zomato,Food Delivery
good,5,02-03-2026 23:27,19.3.9,0,Zomato,Food Delivery
good,5,02-03-2026 23:27,19.3.9,0,Zomato,Food Delivery
yummy,5,02-03-2026 23:25,18.5.8,0,Zomato,Food Delivery
best service,5,02-03-2026 23:25,,0,Zomato,Food Delivery
awesome,5,02-03-2026 23:20,,0,Zomato,Food Delivery
niceeeeehhh!!!,5,02-03-2026 23:19,19.3.9,0,Zomato,Food Delivery
really this one too good,5,02-03-2026 23:19,,0,Zomato,Food Delivery
wonderful,5,02-03-2026 23:18,19.3.9,0,Zomato,Food Delivery
best app,5,02-03-2026 23:15,19.3.7,0,Zomato,Food Delivery
nice,4,02-03-2026 23:12,19.3.4,0,Zomato,Food Delivery
super service,5,02-03-2026 23:07,19.4.2,0,Zomato,Food Delivery
good,5,02-03-2026 23:06,19.3.9,0,Zomato,Food Delivery
worst 😔,1,02-03-2026 23:06,19.3.9,0,Zomato,Food Delivery
it's asome,5,02-03-2026 23:05,19.4.2,0,Zomato,Food Delivery
"I had a very good experience with Zomato. The app is easy to use, delivery is fast, and the service is excellent. Everything was smooth and hassle-free. I have also used Swiggy, and I noticed that Swiggy has Instamart available for quick grocery delivery. It would be great if Zomato could also add a similar feature for more convenience. Overall, I am very satisfied with Zomato’s service and I give 5 stars ⭐⭐⭐⭐⭐",5,02-03-2026 22:59,,0,Zomato,Food Delivery
very good,5,02-03-2026 22:59,19.3.9,0,Zomato,Food Delivery
very tasty food,5,02-03-2026 22:56,,0,Zomato,Food Delivery
Zomato has received my order and at the time of delivery the delivery partner refused to deliver food and zomato executive Miss. Sneha called me and giving assurance for refund but not talk for food delivery and while i was having conversation with Miss. Sneha she disconnected call in between this is the way of zomato executive,1,02-03-2026 22:50,19.3.1,0,Zomato,Food Delivery
Good,3,02-03-2026 22:50,19.3.9,0,Zomato,Food Delivery
This app is very useful when we add zomato gold but if you will not add zomato gold then it will be expensive and to renew zomato gold we need to give only 1 rupees. Very nice app,5,02-03-2026 22:49,19.3.4,0,Zomato,Food Delivery
nice,5,02-03-2026 22:48,19.4.2,0,Zomato,Food Delivery
best food delivery app better than swig.. 😝,5,02-03-2026 22:47,19.4.2,0,Zomato,Food Delivery
superb,5,02-03-2026 22:44,19.3.9,0,Zomato,Food Delivery
great discounts,5,02-03-2026 22:43,19.3.7,0,Zomato,Food Delivery
Good 👍,4,02-03-2026 22:42,19.4.2,0,Zomato,Food Delivery
Excellent Food,5,02-03-2026 22:42,19.4.2,0,Zomato,Food Delivery
very good 👍,5,02-03-2026 22:42,19.3.9,0,Zomato,Food Delivery
bahut achha,5,02-03-2026 22:41,,0,Zomato,Food Delivery
good,5,02-03-2026 22:40,19.3.9,0,Zomato,Food Delivery
good very good!,5,02-03-2026 22:40,19.3.9,0,Zomato,Food Delivery
yet worst service provider. ... after charging a platform fee.... the order gets cancelled.,1,02-03-2026 22:38,19.4.2,0,Zomato,Food Delivery
VERY NICE APP !!!!!!!!!!!!!!!,5,02-03-2026 22:36,19.3.9,0,Zomato,Food Delivery
👍,5,02-03-2026 22:35,19.3.9,0,Zomato,Food Delivery
nice,1,02-03-2026 22:34,19.4.2,0,Zomato,Food Delivery
best app,5,02-03-2026 22:32,19.3.9,0,Zomato,Food Delivery
"Gareebon ki bhookh mitaane wala maseeha hai zomato, i love zomato 😘😘😘",5,02-03-2026 22:32,,0,Zomato,Food Delivery
Great choice for home delivery,5,02-03-2026 22:31,19.3.9,0,Zomato,Food Delivery
excellent,5,02-03-2026 22:31,19.3.9,0,Zomato,Food Delivery
very good,5,02-03-2026 22:30,19.4.2,0,Zomato,Food Delivery
super,5,02-03-2026 22:27,19.3.9,0,Zomato,Food Delivery
good,4,02-03-2026 22:27,19.4.2,0,Zomato,Food Delivery
thanks for serving me❤️❤️❤️,5,02-03-2026 22:27,19.3.9,0,Zomato,Food Delivery
scam chal rha hai yeha,1,02-03-2026 22:25,,0,Zomato,Food Delivery
worst customer service after wrong delivery,1,02-03-2026 22:24,,0,Zomato,Food Delivery
good,3,02-03-2026 22:23,19.3.9,0,Zomato,Food Delivery
Good service excellent 👍,5,02-03-2026 22:22,,0,Zomato,Food Delivery
good,5,02-03-2026 22:20,19.3.4,0,Zomato,Food Delivery
excellent,5,02-03-2026 22:19,,0,Zomato,Food Delivery
ordered food in train talked to delivery partner normal carry bag packaging and spilled and open no sealed. no plate no container. Raised issue in zomato chat send pictures like 3 + times but no response.... i talked with restaurant and informed he asked me he is going to ask delivery to get package return and initiate refund. but no response.... zomato does not care there gold members even.,1,02-03-2026 22:18,19.3.9,0,Zomato,Food Delivery
"wonderful food, and delivery",4,02-03-2026 22:14,19.3.1,0,Zomato,Food Delivery
good 👍😊,5,02-03-2026 22:13,19.3.7,0,Zomato,Food Delivery
good tasty 🤤,5,02-03-2026 22:11,19.4.2,0,Zomato,Food Delivery
very bad,1,02-03-2026 22:09,19.3.9,0,Zomato,Food Delivery
Good Service,5,02-03-2026 22:06,,0,Zomato,Food Delivery
good,5,02-03-2026 22:05,19.3.7,0,Zomato,Food Delivery
I love it 🥰,5,02-03-2026 22:05,,0,Zomato,Food Delivery
best,5,02-03-2026 22:03,19.3.9,0,Zomato,Food Delivery
"speed delivery, good app",5,02-03-2026 22:02,19.3.9,0,Zomato,Food Delivery
it was nice,4,02-03-2026 22:01,19.4.2,0,Zomato,Food Delivery
good,5,02-03-2026 22:01,19.4.2,0,Zomato,Food Delivery
great,5,02-03-2026 22:01,19.3.7,0,Zomato,Food Delivery
👍,5,02-03-2026 22:00,19.4.2,0,Zomato,Food Delivery
👍,5,02-03-2026 21:58,19.3.0,0,Zomato,Food Delivery
good,5,02-03-2026 21:57,,0,Zomato,Food Delivery
excellent,5,02-03-2026 21:55,19.3.9,0,Zomato,Food Delivery
wow,5,02-03-2026 21:54,19.3.9,0,Zomato,Food Delivery
Bohot mast app hai.must have hai ye app thanku zomato...,4,02-03-2026 21:54,19.3.9,0,Zomato,Food Delivery
good,4,02-03-2026 21:53,,0,Zomato,Food Delivery
best,5,02-03-2026 21:53,,0,Zomato,Food Delivery
good,3,02-03-2026 21:53,19.4.2,0,Zomato,Food Delivery
good,5,02-03-2026 21:52,19.3.9,0,Zomato,Food Delivery
they hv improved over the years.,3,02-03-2026 21:52,19.4.2,0,Zomato,Food Delivery
super,5,02-03-2026 21:51,,0,Zomato,Food Delivery
"The app has improved a lot from before, but I still see my orders getting late and now even after getting their premium i get the message pop that the delivery guy will deliver to someone else then to me....How does this make sense even after I get premium.",2,02-03-2026 21:50,19.3.9,0,Zomato,Food Delivery
good riponse ND app,5,02-03-2026 21:49,19.3.9,0,Zomato,Food Delivery
poor service late service,1,02-03-2026 21:48,,0,Zomato,Food Delivery
great job keep going 👏,5,02-03-2026 21:47,19.3.9,0,Zomato,Food Delivery
Best Food App there is,5,02-03-2026 21:46,,0,Zomato,Food Delivery
excellent,4,02-03-2026 21:46,19.3.9,0,Zomato,Food Delivery
nice,5,02-03-2026 21:46,19.3.9,0,Zomato,Food Delivery
Timely delivery,4,02-03-2026 21:45,19.3.9,0,Zomato,Food Delivery
good,4,02-03-2026 21:45,19.3.9,0,Zomato,Food Delivery
it is good app but sometimes delivery time is extends but it is a very good app for students,4,02-03-2026 21:42,19.3.4,0,Zomato,Food Delivery
it was good,4,02-03-2026 21:42,,0,Zomato,Food Delivery
nice experience with good quality of food items,5,02-03-2026 21:42,19.3.9,0,Zomato,Food Delivery
superb,5,02-03-2026 21:42,19.3.9,0,Zomato,Food Delivery
😀😀😀 service is good,4,02-03-2026 21:41,19.3.9,0,Zomato,Food Delivery
good,5,02-03-2026 21:41,19.3.9,0,Zomato,Food Delivery
excellent,5,02-03-2026 21:41,19.3.9,0,Zomato,Food Delivery
good service,5,02-03-2026 21:40,19.3.9,0,Zomato,Food Delivery
very worst app,1,02-03-2026 21:39,,0,Zomato,Food Delivery
best,5,02-03-2026 21:39,19.4.2,0,Zomato,Food Delivery
nice 👍,5,02-03-2026 21:39,19.3.7,0,Zomato,Food Delivery
my money is mostly going to this app,4,02-03-2026 21:38,19.3.9,0,Zomato,Food Delivery
nice,5,02-03-2026 21:38,19.3.9,0,Zomato,Food Delivery
good,5,02-03-2026 21:38,19.4.2,0,Zomato,Food Delivery
💓💓,5,02-03-2026 21:38,,0,Zomato,Food Delivery
good,5,02-03-2026 21:37,,0,Zomato,Food Delivery
exallent,5,02-03-2026 21:36,19.3.9,0,Zomato,Food Delivery
good service,5,02-03-2026 21:35,19.4.2,0,Zomato,Food Delivery
Nice App for Food orders 👌,5,02-03-2026 21:35,,0,Zomato,Food Delivery
Good,5,02-03-2026 21:34,19.3.4,0,Zomato,Food Delivery
Good App,5,02-03-2026 21:32,19.3.9,0,Zomato,Food Delivery
super,5,02-03-2026 21:31,19.3.0,0,Zomato,Food Delivery
👍🏻🤍,5,02-03-2026 21:31,,0,Zomato,Food Delivery
plz don't take handling charges,5,02-03-2026 21:31,19.3.7,0,Zomato,Food Delivery
Super,5,02-03-2026 21:26,19.3.9,0,Zomato,Food Delivery
Good,5,02-03-2026 21:25,19.3.9,0,Zomato,Food Delivery
good service,5,02-03-2026 21:25,,0,Zomato,Food Delivery
"wrong order delivered us and could not refund is , so that's why Swiggy is the best and zomato awful , never ordered from zomato",1,02-03-2026 21:25,19.3.9,0,Zomato,Food Delivery
Zomato doesn't care about customers...,2,02-03-2026 21:24,19.3.9,0,Zomato,Food Delivery
goooooddddddd,5,02-03-2026 21:24,19.4.2,0,Zomato,Food Delivery
Very good app,5,02-03-2026 21:22,19.3.9,0,Zomato,Food Delivery
good app for food ordering,5,02-03-2026 21:22,19.3.9,0,Zomato,Food Delivery
Good,5,02-03-2026 21:21,19.4.2,0,Zomato,Food Delivery
😘,5,02-03-2026 21:21,,0,Zomato,Food Delivery
good 👍,5,02-03-2026 21:20,,0,Zomato,Food Delivery
Very Good,5,02-03-2026 21:20,19.3.9,0,Zomato,Food Delivery
good,5,02-03-2026 21:19,19.3.9,0,Zomato,Food Delivery
good 👍👍👍,5,02-03-2026 21:19,19.3.9,0,Zomato,Food Delivery
nice,5,02-03-2026 21:18,19.4.2,0,Zomato,Food Delivery
only cuz I like deepinder,5,02-03-2026 21:17,19.3.9,0,Zomato,Food Delivery
its awesome 👌 👏 👍 😍,5,02-03-2026 21:17,19.4.2,0,Zomato,Food Delivery
good service,4,02-03-2026 21:17,19.4.2,0,Zomato,Food Delivery
too much yummy,5,02-03-2026 21:16,19.3.7,0,Zomato,Food Delivery
good,5,02-03-2026 21:16,19.3.9,0,Zomato,Food Delivery
Awesomeness..... love it.,5,02-03-2026 21:16,19.3.9,0,Zomato,Food Delivery
good,5,02-03-2026 21:16,19.4.2,0,Zomato,Food Delivery
good delevery,4,02-03-2026 21:15,19.3.9,0,Zomato,Food Delivery
loving this app...The delivery partners.... The work.....everything is appreciatable,5,02-03-2026 21:15,19.3.9,0,Zomato,Food Delivery
👍👍👍👍,5,02-03-2026 21:14,19.4.2,0,Zomato,Food Delivery
awesome,5,02-03-2026 21:14,,0,Zomato,Food Delivery
coupons really help those cravings!! thanks,5,02-03-2026 21:12,,0,Zomato,Food Delivery
thank you 👍,5,02-03-2026 21:11,,0,Zomato,Food Delivery
👍🏻,5,02-03-2026 21:11,19.3.6,0,Zomato,Food Delivery
Good,5,02-03-2026 21:11,,0,Zomato,Food Delivery
Totally loveee itttt,5,02-03-2026 21:11,,0,Zomato,Food Delivery
excellent,5,02-03-2026 21:10,19.4.2,0,Zomato,Food Delivery
Amezing,5,02-03-2026 21:09,19.3.9,0,Zomato,Food Delivery
good,5,02-03-2026 21:08,19.3.9,0,Zomato,Food Delivery
good,5,02-03-2026 21:08,19.3.9,0,Zomato,Food Delivery
great help and good experience,5,02-03-2026 21:07,19.3.0,0,Zomato,Food Delivery
excellent,4,02-03-2026 21:07,19.3.9,0,Zomato,Food Delivery
excellent service,5,02-03-2026 21:07,19.4.2,0,Zomato,Food Delivery
Good app for food,5,02-03-2026 21:07,19.3.4,0,Zomato,Food Delivery
"Kindly spend some money on training your delivery partners, they are do not understand the importance of insulated bags. Today evening we ordered food & the delivery partner was carrying it in front of scooty without insulated bag & his reasoning was that he is new so he will get a bag only after 20 deliveries, never heard of such an excuse. Many agents repeat this behavior of not carrying the insulated bag, while the restaurants are charging extra for packaging &more taxes are being added",2,02-03-2026 21:06,19.4.2,0,Zomato,Food Delivery
super,5,02-03-2026 21:06,19.3.9,0,Zomato,Food Delivery
"Always My Favourite Platform for ordering food... whenever I feel hungry, zomato will come first in my mind that much impression given by Zomato Service",5,02-03-2026 21:04,19.3.7,0,Zomato,Food Delivery
Great,5,02-03-2026 21:02,19.3.9,0,Zomato,Food Delivery
good,5,02-03-2026 21:01,19.3.7,0,Zomato,Food Delivery
exceptional customer service and riders compared to other competitor apps,5,02-03-2026 21:00,19.3.0,0,Zomato,Food Delivery
Good,5,02-03-2026 20:57,19.3.9,0,Zomato,Food Delivery
Excellent,5,02-03-2026 20:56,,0,Zomato,Food Delivery
I love this aap,4,02-03-2026 20:56,19.3.7,0,Zomato,Food Delivery
good❤️,5,02-03-2026 20:55,19.3.1,0,Zomato,Food Delivery
great 👍,5,02-03-2026 20:54,19.4.2,0,Zomato,Food Delivery
best services,5,02-03-2026 20:54,19.3.9,0,Zomato,Food Delivery
very good,5,02-03-2026 20:53,19.3.9,0,Zomato,Food Delivery
faster delivery,4,02-03-2026 20:52,19.3.9,0,Zomato,Food Delivery
very nice 👍🏻,5,02-03-2026 20:52,,0,Zomato,Food Delivery
This app is good 👍,5,02-03-2026 20:51,,0,Zomato,Food Delivery
awesome,5,02-03-2026 20:50,19.4.2,0,Zomato,Food Delivery
🥰,5,02-03-2026 20:50,19.3.9,0,Zomato,Food Delivery
thank you zomato,5,02-03-2026 20:49,19.3.9,0,Zomato,Food Delivery
Thank you so much for your wonderful efforts at late night's particularly.,5,02-03-2026 20:49,19.3.9,0,Zomato,Food Delivery
sahi hai,3,02-03-2026 20:49,19.4.2,0,Zomato,Food Delivery
hihihihi,5,02-03-2026 20:47,,0,Zomato,Food Delivery
great,4,02-03-2026 20:47,19.4.2,0,Zomato,Food Delivery
it's pretty gud but a lot of options making it hard to search,3,02-03-2026 20:47,,0,Zomato,Food Delivery
good,5,02-03-2026 20:46,19.3.7,0,Zomato,Food Delivery
good job 👏,5,02-03-2026 20:46,19.4.2,0,Zomato,Food Delivery
excellent service,5,02-03-2026 20:45,19.3.9,0,Zomato,Food Delivery
good,5,02-03-2026 20:45,,0,Zomato,Food Delivery
excellent performance 👍,5,02-03-2026 20:44,19.3.9,0,Zomato,Food Delivery
very good,5,02-03-2026 20:44,19.4.2,0,Zomato,Food Delivery
😊,5,02-03-2026 20:44,19.4.2,0,Zomato,Food Delivery
good,4,02-03-2026 20:43,19.3.9,0,Zomato,Food Delivery
sir your service is very satisfactory with added flavour of kindness and courtesies. Thank you sir.,5,02-03-2026 20:43,19.3.7,0,Zomato,Food Delivery
excellent,5,02-03-2026 20:41,19.3.6,0,Zomato,Food Delivery
love to eat like this 😋,5,02-03-2026 20:39,19.3.9,0,Zomato,Food Delivery
good,5,02-03-2026 20:37,,0,Zomato,Food Delivery
nice,5,02-03-2026 20:37,19.3.9,0,Zomato,Food Delivery
good,5,02-03-2026 20:37,,0,Zomato,Food Delivery
delevery is perfect and on time,5,02-03-2026 20:36,19.3.9,0,Zomato,Food Delivery
awesome,5,02-03-2026 20:35,19.3.9,0,Zomato,Food Delivery
quick and hazard free service. enjoying the offers every time. thanks...,5,02-03-2026 20:34,19.4.2,0,Zomato,Food Delivery
nice app. you can order and enjoy,5,02-03-2026 20:34,19.4.2,0,Zomato,Food Delivery
"মজা লাগে, কিন্তু খুব জলদি খাবার আসে(২৬ মি বলে ১০মি এ)",5,02-03-2026 20:30,19.3.9,0,Zomato,Food Delivery
good,5,02-03-2026 20:30,19.3.9,0,Zomato,Food Delivery
👍,4,02-03-2026 20:26,19.3.9,0,Zomato,Food Delivery
good,5,02-03-2026 20:25,19.3.9,0,Zomato,Food Delivery
nuvvu mass mowwaaa,5,02-03-2026 20:25,19.3.9,0,Zomato,Food Delivery
good .,5,02-03-2026 20:25,19.3.9,0,Zomato,Food Delivery
"zomoto:- First they will make us happy by giving us a good offer, then when they see that we are working regularly, they will increase the time limit and also increase the time it takes to take orders. They will then reduce the km cash, if we think about it carefully, we will understand their idea. And yet we are still working on this. Because we don't have to work under others and because we can take leave whenever we want.",2,02-03-2026 20:24,,0,Zomato,Food Delivery
very good app,5,02-03-2026 20:23,19.4.2,0,Zomato,Food Delivery
great awesome tooo goood,5,02-03-2026 20:22,19.4.2,0,Zomato,Food Delivery
good,4,02-03-2026 20:20,,0,Zomato,Food Delivery
Thanks to Zomato team,5,02-03-2026 20:19,19.3.9,0,Zomato,Food Delivery
excellent,5,02-03-2026 20:19,19.3.9,0,Zomato,Food Delivery
brilliant app and nice service...,5,02-03-2026 20:19,,0,Zomato,Food Delivery
very delicious 😋😋😋😋 yummy 💕💕💕💕💕💕💕💕💕,5,02-03-2026 20:18,19.3.9,0,Zomato,Food Delivery
Always fast delivery.,5,02-03-2026 20:16,19.3.7,0,Zomato,Food Delivery
fantastic 😍,5,02-03-2026 20:16,19.4.2,0,Zomato,Food Delivery
Very good. Delivered in time in a Hospital.,4,02-03-2026 20:16,19.3.9,0,Zomato,Food Delivery
good,5,02-03-2026 20:16,19.4.2,0,Zomato,Food Delivery
hehe🤭😋,5,02-03-2026 20:15,19.4.2,0,Zomato,Food Delivery
Wow Amazing fantastic,5,02-03-2026 20:15,19.3.9,0,Zomato,Food Delivery
simply wow,5,02-03-2026 20:14,19.3.9,0,Zomato,Food Delivery
best app,5,02-03-2026 20:13,19.4.2,0,Zomato,Food Delivery
nice app,5,02-03-2026 20:11,,0,Zomato,Food Delivery
Good 👍,4,02-03-2026 20:11,19.4.2,0,Zomato,Food Delivery
nice,5,02-03-2026 20:11,19.3.9,0,Zomato,Food Delivery
excellent customer service,4,02-03-2026 20:10,19.4.2,0,Zomato,Food Delivery
nice,5,02-03-2026 20:08,19.3.7,0,Zomato,Food Delivery
super,5,02-03-2026 20:07,19.3.9,0,Zomato,Food Delivery
good,5,02-03-2026 20:07,,0,Zomato,Food Delivery
Awesome 😎,5,02-03-2026 20:07,19.4.2,0,Zomato,Food Delivery
decrease your platform change 😔😔😔,4,02-03-2026 20:05,19.3.9,0,Zomato,Food Delivery
best,5,02-03-2026 20:05,19.3.7,0,Zomato,Food Delivery
fast service,5,02-03-2026 20:05,19.3.9,0,Zomato,Food Delivery
super experience,5,02-03-2026 20:04,19.4.2,0,Zomato,Food Delivery
supar fast,5,02-03-2026 20:03,19.3.9,0,Zomato,Food Delivery
it's good ig and if something is wrong with the food it means something is wrong with the restaurant plus I hate giving reviews ☹️good tho,5,02-03-2026 20:03,,0,Zomato,Food Delivery
good 😊,5,02-03-2026 20:02,19.3.9,0,Zomato,Food Delivery
good,4,02-03-2026 20:01,19.4.2,0,Zomato,Food Delivery
Good response overall,4,02-03-2026 20:00,19.3.2,0,Zomato,Food Delivery
nice experience,4,02-03-2026 19:59,,0,Zomato,Food Delivery
very good service,5,02-03-2026 19:58,19.3.9,0,Zomato,Food Delivery
Good .,3,02-03-2026 19:58,19.3.1,0,Zomato,Food Delivery
op,5,02-03-2026 19:57,19.4.2,0,Zomato,Food Delivery
excellent,5,02-03-2026 19:55,19.3.9,0,Zomato,Food Delivery
excellent,5,02-03-2026 19:55,19.3.9,0,Zomato,Food Delivery
very excellent app,5,02-03-2026 19:54,19.4.2,0,Zomato,Food Delivery
great convince to order food on train,5,02-03-2026 19:54,19.0.7,0,Zomato,Food Delivery
very nice pics,5,02-03-2026 19:54,19.3.9,0,Zomato,Food Delivery
nice,5,02-03-2026 19:53,19.3.9,0,Zomato,Food Delivery
good,5,02-03-2026 19:53,19.3.9,0,Zomato,Food Delivery
good,4,02-03-2026 19:51,19.3.9,0,Zomato,Food Delivery
always a good experience,5,02-03-2026 19:51,19.4.2,0,Zomato,Food Delivery
nice,5,02-03-2026 19:49,19.3.9,0,Zomato,Food Delivery
"WITH ZOMATO YOU CAN HAVE A FIVE STAR LUNCH/ DINNER WITH A FEELING ""AT HOME"", NICE APPLICATION, I ENJOY IT ❤️",5,02-03-2026 19:48,19.3.9,0,Zomato,Food Delivery
nice,5,02-03-2026 19:47,19.3.9,0,Zomato,Food Delivery
quick survive available in cash on delivery also quick response,5,02-03-2026 19:47,19.3.7,0,Zomato,Food Delivery
"best, it gives good offers and good dilevery.",5,02-03-2026 19:47,19.3.4,0,Zomato,Food Delivery
Excellent Superb..Waiting for Faster Delivery,5,02-03-2026 19:47,19.3.9,0,Zomato,Food Delivery
good,5,02-03-2026 19:47,,0,Zomato,Food Delivery
bhot badya delevery he inki,5,02-03-2026 19:46,,0,Zomato,Food Delivery
good service,5,02-03-2026 19:45,,0,Zomato,Food Delivery
Nice app really enjoying the food,5,02-03-2026 19:44,19.4.2,0,Zomato,Food Delivery
Accha app hai lekin notification bahut bhejte ho yaar tum log! hame itni bhi motivation ki jarurat hai tumhare notification ke chakkar aksar distract ho jaata hoon aur tum motivation bhejte discipline ki aur please email bhi utna mat bheja karo. sirf kaam ki baaten bhejna. baaki sab theek hai 👍🏻,5,02-03-2026 19:43,,0,Zomato,Food Delivery
lots of charges on the basic rate. No easy way to find out how the App charges exorbitant surplus!,1,02-03-2026 19:42,19.4.2,0,Zomato,Food Delivery
best food delievery app,5,02-03-2026 19:42,19.3.4,0,Zomato,Food Delivery
nice experience,5,02-03-2026 19:42,19.3.9,0,Zomato,Food Delivery
Very good,5,02-03-2026 19:40,19.4.2,0,Zomato,Food Delivery
super,5,02-03-2026 19:39,19.4.2,0,Zomato,Food Delivery
i don't know which time line zomato use their 3 minute remain 3 minutes until the delivery comes.,1,02-03-2026 19:39,19.3.9,0,Zomato,Food Delivery
good,5,02-03-2026 19:38,19.3.9,0,Zomato,Food Delivery
amazing,5,02-03-2026 19:38,19.4.2,0,Zomato,Food Delivery
good offers,5,02-03-2026 19:37,19.4.2,0,Zomato,Food Delivery
thanks team Zomato,5,02-03-2026 19:36,19.3.9,0,Zomato,Food Delivery
ILU,5,02-03-2026 19:34,19.3.4,0,Zomato,Food Delivery
great,5,02-03-2026 19:33,19.4.2,0,Zomato,Food Delivery
enjoy the moment 👍,5,02-03-2026 19:32,19.3.7,0,Zomato,Food Delivery
excellent,5,02-03-2026 19:32,19.3.9,0,Zomato,Food Delivery
best app,5,02-03-2026 19:31,19.3.9,0,Zomato,Food Delivery
Amazing service always,5,02-03-2026 19:31,19.0.3,0,Zomato,Food Delivery
very nice,5,02-03-2026 19:29,19.3.7,0,Zomato,Food Delivery
amazing 😍,5,02-03-2026 19:29,19.4.2,0,Zomato,Food Delivery
good,4,02-03-2026 19:28,19.4.2,0,Zomato,Food Delivery
Very late delivery😐,3,02-03-2026 19:28,19.3.9,0,Zomato,Food Delivery
better,5,02-03-2026 19:28,19.3.4,0,Zomato,Food Delivery
good,5,02-03-2026 19:27,19.4.2,0,Zomato,Food Delivery
super,5,02-03-2026 19:26,19.4.2,0,Zomato,Food Delivery
A very good app for hostellers. zomato always gives discounts and no delivery charge for gold members .thanks to zomato,5,02-03-2026 19:26,19.3.9,0,Zomato,Food Delivery
My point of view about zomato is changed. zomato is a fraud.,1,02-03-2026 19:25,19.3.9,0,Zomato,Food Delivery
super fast,5,02-03-2026 19:25,19.4.2,0,Zomato,Food Delivery
nice,5,02-03-2026 19:23,19.3.9,0,Zomato,Food Delivery
best food app,5,02-03-2026 19:21,19.4.2,0,Zomato,Food Delivery
late but latest,5,02-03-2026 19:21,19.4.2,0,Zomato,Food Delivery
very good,5,02-03-2026 19:19,19.4.2,0,Zomato,Food Delivery
very good,3,02-03-2026 19:19,,0,Zomato,Food Delivery
Excellent!,5,02-03-2026 19:16,19.3.9,0,Zomato,Food Delivery
gg pe,4,02-03-2026 19:16,19.3.9,0,Zomato,Food Delivery
excellent👍👏😆,5,02-03-2026 19:16,,0,Zomato,Food Delivery
incredible,5,02-03-2026 19:16,19.3.9,0,Zomato,Food Delivery
nice,5,02-03-2026 19:15,19.3.9,0,Zomato,Food Delivery
good,4,02-03-2026 19:12,19.3.9,0,Zomato,Food Delivery
nice experince,3,02-03-2026 19:10,19.3.0,0,Zomato,Food Delivery
good,5,02-03-2026 19:09,19.3.7,0,Zomato,Food Delivery
"Quick delivery,",5,02-03-2026 19:07,19.4.2,0,Zomato,Food Delivery
excellent,5,02-03-2026 19:07,19.3.9,0,Zomato,Food Delivery
nyc app,4,02-03-2026 19:07,19.3.9,0,Zomato,Food Delivery
they are scammer they give me roton food and then deny for refund,1,02-03-2026 19:06,,0,Zomato,Food Delivery
rating is bit high,3,02-03-2026 19:04,,0,Zomato,Food Delivery
Very good 🤌🏻,5,02-03-2026 19:03,19.3.9,0,Zomato,Food Delivery
good 👍,5,02-03-2026 19:03,19.3.4,0,Zomato,Food Delivery
nice app,5,02-03-2026 19:03,19.3.9,0,Zomato,Food Delivery
great 👍,4,02-03-2026 19:02,19.3.7,0,Zomato,Food Delivery
Good super fast and Good quality very very very very very very very very very very very very very very very very very very very very very very very very very very very very very very very very very very very very very very very good,5,02-03-2026 19:01,19.3.2,0,Zomato,Food Delivery
very good,5,02-03-2026 19:01,19.3.9,0,Zomato,Food Delivery
good app,5,02-03-2026 18:58,19.3.9,0,Zomato,Food Delivery
excellent experience ✨,5,02-03-2026 18:58,,0,Zomato,Food Delivery
excellent,5,02-03-2026 18:57,19.3.9,0,Zomato,Food Delivery
nice 👍,5,02-03-2026 18:56,19.4.2,0,Zomato,Food Delivery
excellent discount for food reasonable price for customer,4,02-03-2026 18:54,,0,Zomato,Food Delivery
superb 👍,5,02-03-2026 18:54,19.1.0,0,Zomato,Food Delivery
nice app,5,02-03-2026 18:53,19.3.9,0,Zomato,Food Delivery
ok,5,02-03-2026 18:52,19.3.9,0,Zomato,Food Delivery
good try to make it owsome,5,02-03-2026 18:52,19.3.6,0,Zomato,Food Delivery
very nice 👍,5,02-03-2026 18:52,19.3.9,0,Zomato,Food Delivery
🔥,5,02-03-2026 18:51,,0,Zomato,Food Delivery
nice 👍 service,5,02-03-2026 18:50,19.3.9,0,Zomato,Food Delivery
good,4,02-03-2026 18:50,,0,Zomato,Food Delivery
very nicee and good,5,02-03-2026 18:49,,0,Zomato,Food Delivery
very nice aap 🥰🥰,5,02-03-2026 18:48,19.3.9,0,Zomato,Food Delivery
Never place prepaid orders. Their egoistic delivery partners may not deliver the order to your doorstep and you may suffer total loss if you cancel that order.,1,02-03-2026 18:44,19.4.2,0,Zomato,Food Delivery
very good 👍,5,02-03-2026 18:42,19.4.2,0,Zomato,Food Delivery
best service,5,02-03-2026 18:40,19.4.2,0,Zomato,Food Delivery
very very good,5,02-03-2026 18:38,19.3.7,0,Zomato,Food Delivery
excellent 👌,5,02-03-2026 18:38,19.4.2,0,Zomato,Food Delivery
nice,5,02-03-2026 18:36,19.3.6,0,Zomato,Food Delivery
"i received my cheesecakes half eaten when I complained that they are offering me 136 rs for my 400rs order . Their delivery rider ate my cake and they are telling me to compromise, when asked to talk with their superior they say they are the top management and the amount is auto generated. im",1,02-03-2026 18:35,,0,Zomato,Food Delivery
THANK YOU..,4,02-03-2026 18:31,19.3.9,0,Zomato,Food Delivery
nice 👍,5,02-03-2026 18:31,19.3.9,0,Zomato,Food Delivery
worest experience i have faced never pay before your order received trust me on these.,1,02-03-2026 18:29,19.3.9,0,Zomato,Food Delivery
worst app. please don't choose zomato. The delivery partner takes the order but doesn't deliver . Have faced the same issue twice . very bad app.,1,02-03-2026 18:28,19.4.2,0,Zomato,Food Delivery
I ordered yesterday some food and few items where missing. when I informed about this to zomato rather than resolving the issue they just ignored. I just eat plain rice with nothing on the side. worst customer service 😒,1,02-03-2026 18:28,17.5.8,0,Zomato,Food Delivery
nice,5,02-03-2026 18:27,19.3.6,0,Zomato,Food Delivery
Good service,5,02-03-2026 18:25,19.3.9,0,Zomato,Food Delivery
fantastic,5,02-03-2026 18:24,19.3.6,0,Zomato,Food Delivery
"Hit or miss restaurants. The parts which Zomato can control, they seem to be blind and deaf about it.",1,02-03-2026 18:24,19.3.4,0,Zomato,Food Delivery
good,5,02-03-2026 18:22,,0,Zomato,Food Delivery
really good for food delivery,4,02-03-2026 18:21,19.3.9,0,Zomato,Food Delivery
good,5,02-03-2026 18:17,19.3.6,0,Zomato,Food Delivery
"Zomato is one of the best food delivery apps I’ve used. The interface is clean and easy to navigate. I love how it shows restaurant ratings, reviews, and real photos before ordering. Delivery is usually on time, and the live tracking feature is very helpful. Customer support also responds quickly in case of issues. Overall, a smooth and reliable experience!",5,02-03-2026 18:17,19.3.9,0,Zomato,Food Delivery
very nice 🙂,5,02-03-2026 18:17,,0,Zomato,Food Delivery
Best app for food,5,02-03-2026 18:16,19.4.2,0,Zomato,Food Delivery
Best app for food delivery specially when you want fresh food and on time. so you can go for it.,5,02-03-2026 18:14,19.3.9,0,Zomato,Food Delivery
ok ----------,3,02-03-2026 18:14,,0,Zomato,Food Delivery
excellent,5,02-03-2026 18:08,,0,Zomato,Food Delivery
best app for food,5,02-03-2026 18:07,19.3.9,0,Zomato,Food Delivery
over all experience is good,5,02-03-2026 18:04,19.4.2,0,Zomato,Food Delivery
it's to good,5,02-03-2026 18:02,19.3.9,0,Zomato,Food Delivery
super 👍,4,02-03-2026 18:02,19.4.2,0,Zomato,Food Delivery
Very nice ☺️☺️☺️☺️☺️☺️☺️☺️☺️☺️☺️☺️☺️☺️☺️☺️☺️☺️☺️☺️☺️☺️☺️☺️☺️☺️☺️☺️☺️☺️☺️☺️☺️☺️☺️☺️☺️☺️☺️☺️☺️☺️☺️☺️☺️☺️☺️☺️☺️☺️☺️☺️☺️☺️☺️☺️☺️☺️☺️☺️☺️☺️☺️☺️,4,02-03-2026 17:59,,0,Zomato,Food Delivery
very nice,5,02-03-2026 17:58,19.3.9,0,Zomato,Food Delivery
best experience,5,02-03-2026 17:57,19.3.9,0,Zomato,Food Delivery
badhiya hai Deepinder Bhai bhai bhi badhiya hai.,5,02-03-2026 17:57,19.3.9,0,Zomato,Food Delivery
Good,5,02-03-2026 17:56,19.3.2,0,Zomato,Food Delivery
very nice,5,02-03-2026 17:55,19.3.9,0,Zomato,Food Delivery
nice experience ordering with zomato.,5,02-03-2026 17:55,19.3.1,0,Zomato,Food Delivery
amazing service,5,02-03-2026 17:52,19.3.9,0,Zomato,Food Delivery
nice,5,02-03-2026 17:52,19.3.9,0,Zomato,Food Delivery
nice,5,02-03-2026 17:49,19.3.9,0,Zomato,Food Delivery
good service,5,02-03-2026 17:48,19.3.9,0,Zomato,Food Delivery
best Friend,5,02-03-2026 17:47,19.4.2,0,Zomato,Food Delivery
nice,5,02-03-2026 17:46,19.4.2,0,Zomato,Food Delivery
good,5,02-03-2026 17:46,19.3.7,0,Zomato,Food Delivery
still. no. cash. on. delivery. Bloody. nonsense. no. use. who. made. this. Bloody. Bastards. ridiculous. app.,1,02-03-2026 17:45,19.4.2,0,Zomato,Food Delivery
nice,4,02-03-2026 17:45,19.3.9,0,Zomato,Food Delivery
good,2,02-03-2026 17:45,19.3.9,0,Zomato,Food Delivery
Good 👍,5,02-03-2026 17:42,19.3.6,0,Zomato,Food Delivery
till now good service,4,02-03-2026 17:42,19.3.9,0,Zomato,Food Delivery
useful,5,02-03-2026 17:39,19.4.2,0,Zomato,Food Delivery
Good interface and user friendly app.,5,02-03-2026 17:37,19.3.9,0,Zomato,Food Delivery
superb app,5,02-03-2026 17:36,19.4.2,0,Zomato,Food Delivery
Fantabulous,5,02-03-2026 17:35,19.3.9,0,Zomato,Food Delivery
trustable,4,02-03-2026 17:35,19.3.9,0,Zomato,Food Delivery
good aap,5,02-03-2026 17:34,19.3.9,0,Zomato,Food Delivery
good,5,02-03-2026 17:30,19.3.9,0,Zomato,Food Delivery
delivery boy perfect,5,02-03-2026 17:27,19.3.0,0,Zomato,Food Delivery
excellent 👌👍,5,02-03-2026 17:27,19.3.9,0,Zomato,Food Delivery
good,5,02-03-2026 17:26,19.4.2,0,Zomato,Food Delivery
froud app,1,02-03-2026 17:21,19.3.9,0,Zomato,Food Delivery
excellent,5,02-03-2026 17:21,19.3.9,0,Zomato,Food Delivery
very nice,5,02-03-2026 17:20,19.3.9,0,Zomato,Food Delivery
good job,4,02-03-2026 17:19,,0,Zomato,Food Delivery
it's ok and amazing because it gives cash on delivery.,4,02-03-2026 17:19,19.3.9,0,Zomato,Food Delivery
GREAT,5,02-03-2026 17:19,19.4.1,0,Zomato,Food Delivery
"Food was delivered in a spilled condition. The delivery partner casually said “thoda sa galti ho gaya” and left without even apologizing. I tried to raise the issue through Zomato chat and email for almost 2 hours, but the chat kept closing without proper resolution. The restaurant confirmed they packed it properly and asked me to contact Zomato. Very disappointing customer support and poor handling of orders.",1,02-03-2026 17:17,,0,Zomato,Food Delivery
Misuse of tax & restaurant pkg chrg amount when you buy membership they show you more tax & restaurant pkg chrg to cover up the delivery charge where they sell there membership for free delivery doing farud with innocent peoples,5,02-03-2026 17:16,19.4.2,0,Zomato,Food Delivery
excellent,5,02-03-2026 17:16,19.3.9,0,Zomato,Food Delivery
best food delivery app 👏👏👏,5,02-03-2026 17:16,19.3.9,0,Zomato,Food Delivery
"Delivery person nice behavior so lovely on time my food so, safe ride the traffic area 🫂🫂💐💐🙌",5,02-03-2026 17:13,19.4.2,0,Zomato,Food Delivery
👍,5,02-03-2026 17:12,19.3.9,0,Zomato,Food Delivery
super,5,02-03-2026 17:11,19.3.9,0,Zomato,Food Delivery
"I mistakenly selected the wrong address and immediately contacted support, but the issue was not resolved. The order was cancelled, and I was informed that no refund would be given and the promo code was used. If there is a cancellation option, why is there no refund? This has happened before as well. This has been the worst experience I have had with the Zomato application.",1,02-03-2026 17:10,19.3.4,0,Zomato,Food Delivery
please give a good offer for regular customers please 🙏,4,02-03-2026 17:09,,0,Zomato,Food Delivery
great service,4,02-03-2026 17:06,,0,Zomato,Food Delivery
Amazing,5,02-03-2026 17:02,19.3.9,0,Zomato,Food Delivery
How can we Close the Issue without even trying to See what has happened with Food ? Very very bad experience. Felt Helpless. changing from 5 Stars to 1 Star,1,02-03-2026 17:01,19.3.9,0,Zomato,Food Delivery
cost of items are High,3,02-03-2026 17:01,19.3.9,0,Zomato,Food Delivery
easy to use,4,02-03-2026 16:58,19.4.2,0,Zomato,Food Delivery
wonderful,5,02-03-2026 16:57,19.3.9,0,Zomato,Food Delivery
very nice food delivery app,5,02-03-2026 16:56,19.3.9,0,Zomato,Food Delivery
👍💯,5,02-03-2026 16:54,19.4.2,0,Zomato,Food Delivery
deliver in time i love it,4,02-03-2026 16:52,,0,Zomato,Food Delivery
good service and fast delivery,5,02-03-2026 16:52,19.3.9,0,Zomato,Food Delivery
"nice app, but hard to use",5,02-03-2026 16:51,19.3.9,0,Zomato,Food Delivery
Best,5,02-03-2026 16:51,19.4.2,0,Zomato,Food Delivery
good,5,02-03-2026 16:50,19.3.9,0,Zomato,Food Delivery
delivery charges are high,4,02-03-2026 16:48,19.3.9,0,Zomato,Food Delivery
nice,5,02-03-2026 16:46,,0,Zomato,Food Delivery
nice no word,5,02-03-2026 16:46,19.4.2,0,Zomato,Food Delivery
it is soo good 👍😊,4,02-03-2026 16:46,19.3.9,0,Zomato,Food Delivery
Not entertaining customers complaints positively.,1,02-03-2026 16:46,,0,Zomato,Food Delivery
good,5,02-03-2026 16:46,19.3.9,0,Zomato,Food Delivery
Good but it must be quite faster.,5,02-03-2026 16:41,19.3.4,0,Zomato,Food Delivery
Time botha lagtha haie deliver karna mein,1,02-03-2026 16:39,19.4.2,0,Zomato,Food Delivery
swiggy se thoda achcha offer Apne Banaras mein deta hai,4,02-03-2026 16:38,,0,Zomato,Food Delivery
wonderful please give more coupons,5,02-03-2026 16:37,19.3.9,0,Zomato,Food Delivery
good and reliable app,5,02-03-2026 16:33,,0,Zomato,Food Delivery
it's good and I am mainly Happy with the service.,4,02-03-2026 16:32,,0,Zomato,Food Delivery
very fast,5,02-03-2026 16:29,19.3.0,0,Zomato,Food Delivery
nice and fast,4,02-03-2026 16:28,19.3.9,0,Zomato,Food Delivery
good,5,02-03-2026 16:27,19.4.2,0,Zomato,Food Delivery
nice,5,02-03-2026 16:26,19.3.9,0,Zomato,Food Delivery
there is a very yame food,5,02-03-2026 16:26,19.3.9,0,Zomato,Food Delivery
ycuc,5,02-03-2026 16:25,,0,Zomato,Food Delivery
"Pathetic service, Irresponsible staff. Doesn't acknowledge complaints. Ruthless attitude by the associates connected on support. they don't even listen to your issue, addressing and acknowledging is far away.",1,02-03-2026 16:24,,0,Zomato,Food Delivery
Great,5,02-03-2026 16:23,19.4.2,0,Zomato,Food Delivery
good,5,02-03-2026 16:21,19.3.9,0,Zomato,Food Delivery
Best,5,02-03-2026 16:20,,0,Zomato,Food Delivery
love it,5,02-03-2026 16:19,19.4.2,0,Zomato,Food Delivery
asom,5,02-03-2026 16:15,19.4.2,0,Zomato,Food Delivery
food is good quality 👍 great..,4,02-03-2026 16:13,19.4.2,0,Zomato,Food Delivery
good it is easy to order ❤️,4,02-03-2026 16:11,19.3.9,0,Zomato,Food Delivery
price...high,1,02-03-2026 16:11,19.3.6,0,Zomato,Food Delivery
good service,5,02-03-2026 16:10,19.3.9,0,Zomato,Food Delivery
great app,5,02-03-2026 16:09,,0,Zomato,Food Delivery
As per my experience Zomato is very useful for me. Keep updating. Thanks,5,02-03-2026 16:08,19.3.9,0,Zomato,Food Delivery
very nice,5,02-03-2026 16:01,19.4.2,0,Zomato,Food Delivery
good,5,02-03-2026 15:56,19.3.9,0,Zomato,Food Delivery
Good experience......doing good 👍,5,02-03-2026 15:54,19.3.9,0,Zomato,Food Delivery
it's good and delivered on time,5,02-03-2026 15:52,19.4.2,0,Zomato,Food Delivery
i love zomato,5,02-03-2026 15:52,19.4.2,0,Zomato,Food Delivery
good,5,02-03-2026 15:49,19.3.9,0,Zomato,Food Delivery
"The tax on this app doesn't make sense anymore. I am tired of paying 300 for a 200 rupees dish which I had to place not because I wanted to eat that, but because that was the only way to avoid paying an absurd delivery fee. All that and then another 10 rupees as ""platform fee"". Edit: platform fee went up to 12.5 rupees. Nice.",1,02-03-2026 15:48,,0,Zomato,Food Delivery
🔥,5,02-03-2026 15:46,19.3.9,0,Zomato,Food Delivery
good,5,02-03-2026 15:46,19.4.2,0,Zomato,Food Delivery
good app for everyone,4,02-03-2026 15:46,19.3.9,0,Zomato,Food Delivery
wow,5,02-03-2026 15:45,19.4.2,0,Zomato,Food Delivery
its really cool.,5,02-03-2026 15:44,19.3.9,0,Zomato,Food Delivery
good,5,02-03-2026 15:44,19.3.7,0,Zomato,Food Delivery
Good,5,02-03-2026 15:41,19.4.2,0,Zomato,Food Delivery
goof,5,02-03-2026 15:39,19.3.9,0,Zomato,Food Delivery
good working 😄,5,02-03-2026 15:37,19.4.2,0,Zomato,Food Delivery
gooddddd,4,02-03-2026 15:36,19.3.9,0,Zomato,Food Delivery
Good,5,02-03-2026 15:35,19.3.1,0,Zomato,Food Delivery
Great Service,4,02-03-2026 15:33,19.3.9,0,Zomato,Food Delivery
Great service and food!,5,02-03-2026 15:32,,0,Zomato,Food Delivery
best,5,02-03-2026 15:32,,0,Zomato,Food Delivery
Awesome,5,02-03-2026 15:32,19.4.2,0,Zomato,Food Delivery
nice,5,02-03-2026 15:31,19.3.6,0,Zomato,Food Delivery
fast delivery and good delivery partners,5,02-03-2026 15:31,19.3.9,0,Zomato,Food Delivery
Good 👍,5,02-03-2026 15:30,19.3.9,0,Zomato,Food Delivery
helpful,5,02-03-2026 15:29,19.4.2,0,Zomato,Food Delivery
good👍,3,02-03-2026 15:27,19.3.9,0,Zomato,Food Delivery
good service,5,02-03-2026 15:26,19.3.9,0,Zomato,Food Delivery
l like zomato,5,02-03-2026 15:26,19.3.7,0,Zomato,Food Delivery
amazing,5,02-03-2026 15:19,,0,Zomato,Food Delivery
very Good,5,02-03-2026 15:18,19.3.9,0,Zomato,Food Delivery
awesome 👍,5,02-03-2026 15:17,19.2.2,0,Zomato,Food Delivery
Thank you for fast delivery,5,02-03-2026 15:16,,0,Zomato,Food Delivery
good service 👍,5,02-03-2026 15:16,19.3.7,0,Zomato,Food Delivery
🥰 zomato is awesome 😎,5,02-03-2026 15:15,19.3.9,0,Zomato,Food Delivery
peak,5,02-03-2026 15:13,,0,Zomato,Food Delivery
good,5,02-03-2026 15:13,19.4.2,0,Zomato,Food Delivery
good,4,02-03-2026 15:13,19.3.9,0,Zomato,Food Delivery
good food delivery,3,02-03-2026 15:12,,0,Zomato,Food Delivery
Best experience ever..,5,02-03-2026 15:12,18.6.1,0,Zomato,Food Delivery
Nice,4,02-03-2026 15:11,19.3.9,0,Zomato,Food Delivery
great app,5,02-03-2026 15:10,19.4.2,0,Zomato,Food Delivery
it's amazing,5,02-03-2026 15:09,19.3.9,0,Zomato,Food Delivery
irs a really nice app whatever you want it's just dilevery in half n hr max to max it take 45 mins,5,02-03-2026 15:08,19.3.9,0,Zomato,Food Delivery
"Right now if I have to pay, I have to pay only from the UPI of the device that I am using. But if I want to pay from any other devices through UPI ID, the option is disabled. Kindly fix the bug.",3,02-03-2026 15:07,19.4.2,0,Zomato,Food Delivery
good 🫰,5,02-03-2026 15:01,,0,Zomato,Food Delivery
easy to use app covering all type of cuisines,5,02-03-2026 15:01,,0,Zomato,Food Delivery
The app was good but I am giving one star because there are no customer care number details and there is no option to reach the customer care via the App Chat. Worst experience unable to download the invoice from the app no website login about to uninstall the app and plan to move to other partners,1,02-03-2026 15:00,19.4.2,0,Zomato,Food Delivery
fast delivery and not really faced any issues till now,4,02-03-2026 14:58,19.3.9,0,Zomato,Food Delivery
gud,5,02-03-2026 14:58,19.4.2,0,Zomato,Food Delivery
good to gold subscription,5,02-03-2026 14:58,19.4.1,0,Zomato,Food Delivery
I have ordered some food and the rider took my food and delivered just one item instead of 4 items and when i reached zomato support there is no option to call the executive so i wrote an email to the zomato team and what i got nothing they didn't gave me food no refund nothing .The new update of the zomato app is the worst you can't even talk to the executive if you have a problem with your order then you will only get an automated message.,1,02-03-2026 14:58,19.4.2,0,Zomato,Food Delivery
good,5,02-03-2026 14:55,19.3.9,0,Zomato,Food Delivery
good,4,02-03-2026 14:53,19.3.7,0,Zomato,Food Delivery
✨✨✨,5,02-03-2026 14:52,,0,Zomato,Food Delivery
cool,4,02-03-2026 14:47,19.4.2,0,Zomato,Food Delivery
good,5,02-03-2026 14:46,19.3.6,0,Zomato,Food Delivery
"An amazing platform, to order foods. Really helpful and needed at times when we are busy and can't cook.. Enjoying it!!",5,02-03-2026 14:46,19.4.2,0,Zomato,Food Delivery
it's very very scammed app ... i need my refund money but this app showing like it's already send to my account like that but now also i didn't get my money more,1,02-03-2026 14:45,19.4.2,0,Zomato,Food Delivery
"easy to use app, but rate a little bit high",5,02-03-2026 14:45,19.3.9,0,Zomato,Food Delivery
nice,5,02-03-2026 14:43,19.3.9,0,Zomato,Food Delivery
"Get us Some Extra special Salad option Every City, Because Where Healthy Peoples Comes out there actually Looking for Best Hygienic Options, And in India Street Food Every Ware going Disaster, creepy Unhygienic Preservatives Using Their Food's! So The Best options For Us Only Vegan ore veges Like Salad.",4,02-03-2026 14:42,19.4.2,0,Zomato,Food Delivery
good experience,5,02-03-2026 14:40,19.3.9,0,Zomato,Food Delivery
good,5,02-03-2026 14:37,19.3.9,0,Zomato,Food Delivery
is app main omni card nhi chalta Or upi id bhi nhi chalti,1,02-03-2026 14:36,,0,Zomato,Food Delivery
I would really advice people if they care about their health dont order from zomato. They dont care what kind of food is served its just a delivery service nothing else,1,02-03-2026 14:35,19.3.9,0,Zomato,Food Delivery
"obedient, guarantee in time and cool ...",5,02-03-2026 14:35,19.4.2,0,Zomato,Food Delivery
This app very amazing 🤩,5,02-03-2026 14:33,19.4.2,0,Zomato,Food Delivery
good,4,02-03-2026 14:33,19.4.2,0,Zomato,Food Delivery
nice,5,02-03-2026 14:32,19.3.9,0,Zomato,Food Delivery
Great,5,02-03-2026 14:32,19.4.2,0,Zomato,Food Delivery
the best app for ordering s,5,02-03-2026 14:30,19.3.9,0,Zomato,Food Delivery
good😊,4,02-03-2026 14:29,,0,Zomato,Food Delivery
great,4,02-03-2026 14:27,19.3.0,0,Zomato,Food Delivery
very good,5,02-03-2026 14:26,19.3.9,0,Zomato,Food Delivery
bahut achha ap hai,5,02-03-2026 14:26,19.3.9,0,Zomato,Food Delivery
good,5,02-03-2026 14:26,19.3.1,0,Zomato,Food Delivery
Good application for food,5,02-03-2026 14:25,,0,Zomato,Food Delivery
Very bad experience from delivery side and customer support. they delivered wrong item. so i cancelled the item and they didn't refind money.,1,02-03-2026 14:24,19.4.2,0,Zomato,Food Delivery
food is good but we wanted to cancel order and immediately texted to cancel and somehow in 1 minute food is prepared and it won't cancel order really disappointed,1,02-03-2026 14:24,19.4.2,0,Zomato,Food Delivery
good qpp,5,02-03-2026 14:23,19.3.9,0,Zomato,Food Delivery
easy to use,5,02-03-2026 14:22,19.3.2,0,Zomato,Food Delivery
nice,5,02-03-2026 14:20,19.3.9,0,Zomato,Food Delivery
very swift and sweet,5,02-03-2026 14:20,19.3.9,0,Zomato,Food Delivery
very good service,5,02-03-2026 14:18,19.3.9,0,Zomato,Food Delivery
your service is too good 😊,5,02-03-2026 14:17,19.4.2,0,Zomato,Food Delivery
I ordered food but that was undercooke . I pay 450 rupee. What should i do,1,02-03-2026 14:16,19.3.9,0,Zomato,Food Delivery
Best in app experience and super app build with unique experience,5,02-03-2026 14:16,19.3.9,0,Zomato,Food Delivery
All good keep it up,5,02-03-2026 14:16,19.3.9,0,Zomato,Food Delivery
Worst experience,1,02-03-2026 14:14,19.3.9,0,Zomato,Food Delivery
madda gudu,5,02-03-2026 14:14,,0,Zomato,Food Delivery
very very worst online food delivery platform. Customer Support Executives are not responding properly even the fault in their side. Very Worst service but they are having high platform charges for poor Service.,1,02-03-2026 14:14,,0,Zomato,Food Delivery
Extremely disappointed with customer care executive. Never going to use this Froud app ever again,1,02-03-2026 14:13,19.3.9,0,Zomato,Food Delivery
One of my favourite app....🤗,5,02-03-2026 14:12,,0,Zomato,Food Delivery
Best service,5,02-03-2026 14:09,19.3.9,0,Zomato,Food Delivery
good experience,4,02-03-2026 14:05,19.3.9,0,Zomato,Food Delivery
nice,5,02-03-2026 14:00,19.3.7,0,Zomato,Food Delivery
Earlier I used to like this app but they have made it impossible to complain or talk to the customer care executives.,1,02-03-2026 13:59,,0,Zomato,Food Delivery
good,5,02-03-2026 13:58,,0,Zomato,Food Delivery
over costly items,2,02-03-2026 13:58,19.3.1,0,Zomato,Food Delivery
nice,5,02-03-2026 13:58,19.3.9,0,Zomato,Food Delivery
prompt and timely delivery and friendly staffs,5,02-03-2026 13:57,,0,Zomato,Food Delivery
💗🖤🩷,5,02-03-2026 13:57,19.3.9,0,Zomato,Food Delivery
good,5,02-03-2026 13:57,19.3.1,0,Zomato,Food Delivery
best experience,5,02-03-2026 13:55,19.3.9,0,Zomato,Food Delivery
Nice 👍,5,02-03-2026 13:55,19.3.9,0,Zomato,Food Delivery
good app for food delivery especially in trains.,4,02-03-2026 13:54,19.3.9,0,Zomato,Food Delivery
worst app i have ever seen,1,02-03-2026 13:54,19.3.9,0,Zomato,Food Delivery
very-2 poor service and costomer handling attitude... do not order again thankyou gomato,1,02-03-2026 13:53,,0,Zomato,Food Delivery
good...,5,02-03-2026 13:52,19.3.9,0,Zomato,Food Delivery
good 👍,5,02-03-2026 13:52,19.3.9,0,Zomato,Food Delivery
nice,3,02-03-2026 13:51,19.4.2,0,Zomato,Food Delivery
nice app,5,02-03-2026 13:50,19.3.9,0,Zomato,Food Delivery
good 👍👍👍 really good,5,02-03-2026 13:49,19.4.2,0,Zomato,Food Delivery
good,5,02-03-2026 13:49,19.3.9,0,Zomato,Food Delivery
Best service,5,02-03-2026 13:49,,0,Zomato,Food Delivery
ok,5,02-03-2026 13:49,19.4.2,0,Zomato,Food Delivery
Really awesome app.,5,02-03-2026 13:49,19.3.9,0,Zomato,Food Delivery
excellent,5,02-03-2026 13:49,19.3.9,0,Zomato,Food Delivery
always good,5,02-03-2026 13:47,19.3.9,0,Zomato,Food Delivery
nice service,4,02-03-2026 13:46,19.3.9,0,Zomato,Food Delivery
nice app,5,02-03-2026 13:45,19.3.9,0,Zomato,Food Delivery
👍,5,02-03-2026 13:44,19.3.9,0,Zomato,Food Delivery
"good In Time,quality mostly 👍. App is also satisfying. Expectation is include more and more local and rural product.",4,02-03-2026 13:44,19.3.7,0,Zomato,Food Delivery
good,5,02-03-2026 13:44,19.4.2,0,Zomato,Food Delivery
oosme,4,02-03-2026 13:44,19.4.2,0,Zomato,Food Delivery
good service,5,02-03-2026 13:42,19.3.9,0,Zomato,Food Delivery
മച്ചാ സൂപ്പർ സർവീസ്,5,02-03-2026 13:41,19.3.9,0,Zomato,Food Delivery
worst app not safety for human health and don't eat anything for order zomoto,1,02-03-2026 13:41,,0,Zomato,Food Delivery
good,5,02-03-2026 13:40,,0,Zomato,Food Delivery
nice,5,02-03-2026 13:38,19.3.7,0,Zomato,Food Delivery
good,5,02-03-2026 13:36,19.3.9,0,Zomato,Food Delivery
good,5,02-03-2026 13:36,19.3.1,0,Zomato,Food Delivery
very good 👍,5,02-03-2026 13:34,,0,Zomato,Food Delivery
quick delivery,5,02-03-2026 13:33,19.3.9,0,Zomato,Food Delivery
nice service,4,02-03-2026 13:32,19.3.9,0,Zomato,Food Delivery
🙂🙂Tasty Food & Facilities Available Every Time👏🏼👏🏼👌🏼👌🏼👌🏼,5,02-03-2026 13:32,19.3.9,0,Zomato,Food Delivery
superrr,5,02-03-2026 13:32,19.3.9,0,Zomato,Food Delivery
best,5,02-03-2026 13:32,19.4.2,0,Zomato,Food Delivery
good quality..... best prices and fast delivery,5,02-03-2026 13:31,,0,Zomato,Food Delivery
good,5,02-03-2026 13:30,,0,Zomato,Food Delivery
useful,5,02-03-2026 13:28,19.3.9,0,Zomato,Food Delivery
mast,5,02-03-2026 13:28,19.3.1,0,Zomato,Food Delivery
good,4,02-03-2026 13:27,19.3.9,0,Zomato,Food Delivery
Sweets are good quality and services are also pleasing to the customer.,5,02-03-2026 13:27,19.4.2,0,Zomato,Food Delivery
good,5,02-03-2026 13:26,,0,Zomato,Food Delivery
good,5,02-03-2026 13:26,19.3.9,0,Zomato,Food Delivery
amazing 😍,5,02-03-2026 13:25,19.3.9,0,Zomato,Food Delivery
gd service and delivered correct time,4,02-03-2026 13:24,19.4.2,0,Zomato,Food Delivery
expansive,1,02-03-2026 13:24,19.3.9,0,Zomato,Food Delivery
show... Good Restaurent,5,02-03-2026 13:22,19.3.9,0,Zomato,Food Delivery
always the best,4,02-03-2026 13:22,19.3.9,0,Zomato,Food Delivery
very good and easy to use app,5,02-03-2026 13:20,19.3.9,0,Zomato,Food Delivery
👍,5,02-03-2026 13:20,,0,Zomato,Food Delivery
nice service,5,02-03-2026 13:17,19.3.9,0,Zomato,Food Delivery
good,5,02-03-2026 13:15,19.4.2,0,Zomato,Food Delivery
very nice and good food😚,5,02-03-2026 13:13,19.3.9,0,Zomato,Food Delivery
nice,5,02-03-2026 13:13,,0,Zomato,Food Delivery
great,5,02-03-2026 13:11,19.4.2,0,Zomato,Food Delivery
time save but costly,5,02-03-2026 13:11,19.3.9,0,Zomato,Food Delivery
good very good,5,02-03-2026 13:10,19.3.7,0,Zomato,Food Delivery
safe and fast delivery,5,02-03-2026 13:10,19.3.9,0,Zomato,Food Delivery
nice,4,02-03-2026 13:10,,0,Zomato,Food Delivery
Very Good App,5,02-03-2026 13:09,19.4.2,0,Zomato,Food Delivery
good,4,02-03-2026 13:08,19.3.9,0,Zomato,Food Delivery
15 % body fat tumko hi mubarakh,1,02-03-2026 13:02,19.3.9,2,Zomato,Food Delivery
train delivery is the best part,4,02-03-2026 13:00,19.3.9,0,Zomato,Food Delivery
good,4,02-03-2026 12:59,19.3.9,0,Zomato,Food Delivery
very nice,4,02-03-2026 12:57,19.3.9,0,Zomato,Food Delivery
good,4,02-03-2026 12:54,19.3.9,0,Zomato,Food Delivery
osm,5,02-03-2026 12:53,19.4.2,0,Zomato,Food Delivery
very good,5,02-03-2026 12:52,19.3.9,0,Zomato,Food Delivery
best food delivery app,5,02-03-2026 12:50,19.3.9,0,Zomato,Food Delivery
enjoying it,5,02-03-2026 12:49,,0,Zomato,Food Delivery
Really good,5,02-03-2026 12:48,,0,Zomato,Food Delivery
wonderfull app,5,02-03-2026 12:48,19.3.9,0,Zomato,Food Delivery
good service,5,02-03-2026 12:45,19.3.9,0,Zomato,Food Delivery
mstt haih,5,02-03-2026 12:44,,0,Zomato,Food Delivery
good,5,02-03-2026 12:43,19.3.0,0,Zomato,Food Delivery
good,5,02-03-2026 12:43,19.3.7,0,Zomato,Food Delivery
good,4,02-03-2026 12:40,19.3.9,0,Zomato,Food Delivery
good,4,02-03-2026 12:37,19.3.9,0,Zomato,Food Delivery
super,4,02-03-2026 12:33,19.3.9,0,Zomato,Food Delivery
very nice service 😃😃,5,02-03-2026 12:32,,0,Zomato,Food Delivery
good,3,02-03-2026 12:31,,0,Zomato,Food Delivery
this app is perfect and beginner friendly app,5,02-03-2026 12:30,19.3.7,0,Zomato,Food Delivery
wrost service in hyderabad delivery boys are fraud and not proper response in customer care service don't do online payments in zomato app please so cashon delivery,1,02-03-2026 12:28,19.3.9,0,Zomato,Food Delivery
good,5,02-03-2026 12:27,19.3.9,0,Zomato,Food Delivery
besr facility,5,02-03-2026 12:27,19.3.9,0,Zomato,Food Delivery
ohhh very beautiful application,5,02-03-2026 12:27,,0,Zomato,Food Delivery
good 👍🏻,5,02-03-2026 12:26,,0,Zomato,Food Delivery
Your devilery is on time,4,02-03-2026 12:26,19.3.6,0,Zomato,Food Delivery
"“Thank you, Zomato, for valuing time and delivering on time",5,02-03-2026 12:24,19.3.9,0,Zomato,Food Delivery
good service,5,02-03-2026 12:23,19.3.2,0,Zomato,Food Delivery
Great offers and fast delivery..,5,02-03-2026 12:23,,0,Zomato,Food Delivery
very nice,5,02-03-2026 12:22,19.3.9,0,Zomato,Food Delivery
best app,5,02-03-2026 12:21,19.3.9,0,Zomato,Food Delivery
good offers,5,02-03-2026 12:17,,0,Zomato,Food Delivery
good,5,02-03-2026 12:15,,0,Zomato,Food Delivery
good sarvis,5,02-03-2026 12:14,19.3.9,0,Zomato,Food Delivery
good,3,02-03-2026 12:12,19.3.9,0,Zomato,Food Delivery
useless customer care .,1,02-03-2026 12:12,19.3.9,0,Zomato,Food Delivery
👍,5,02-03-2026 12:12,,0,Zomato,Food Delivery
always my traveling food partner 😋 💕,5,02-03-2026 12:12,19.3.9,0,Zomato,Food Delivery
wish there were no star. cz stars doesnt define them. for what they did. sent me non veg food. this is when I m veg. did me dirty. the gave me a coupon of 119 rs that I can use on the same restaurant. they really think that i will ever order anything from that restaurant and dis app.,3,02-03-2026 12:12,,1,Zomato,Food Delivery
thanking for Zomato,5,02-03-2026 12:11,19.3.9,0,Zomato,Food Delivery
👍,5,02-03-2026 12:11,19.4.2,0,Zomato,Food Delivery
good experience in zomato,5,02-03-2026 12:10,18.7.5,0,Zomato,Food Delivery
everything is possible only with zomato i💓 zomato,5,02-03-2026 12:09,19.3.9,0,Zomato,Food Delivery
Good,5,02-03-2026 12:07,,0,Zomato,Food Delivery
Excellent Food Delivery App Fast Delivery.,5,02-03-2026 11:59,,0,Zomato,Food Delivery
good,5,02-03-2026 11:59,19.3.9,0,Zomato,Food Delivery
nice 🙂👍🏻,5,02-03-2026 11:58,19.3.9,0,Zomato,Food Delivery
good,5,02-03-2026 11:57,19.3.4,0,Zomato,Food Delivery
nice food delivery and food enjoy the,5,02-03-2026 11:56,19.3.9,0,Zomato,Food Delivery
good,5,02-03-2026 11:55,19.3.9,0,Zomato,Food Delivery
mujhe yaha ka khana acha lagta hai,4,02-03-2026 11:55,19.3.9,0,Zomato,Food Delivery
good,5,02-03-2026 11:52,19.3.9,0,Zomato,Food Delivery
Nice,4,02-03-2026 11:50,19.3.9,0,Zomato,Food Delivery
your foods so delicious 😋,5,02-03-2026 11:44,19.3.9,0,Zomato,Food Delivery
super,5,02-03-2026 11:43,19.4.2,0,Zomato,Food Delivery
good,5,02-03-2026 11:39,19.3.9,0,Zomato,Food Delivery
Good app,5,02-03-2026 11:35,19.4.2,0,Zomato,Food Delivery
super,5,02-03-2026 11:32,19.3.9,0,Zomato,Food Delivery
gud,5,02-03-2026 11:25,19.3.9,0,Zomato,Food Delivery
nice,5,02-03-2026 11:22,19.3.9,0,Zomato,Food Delivery
amazing,5,02-03-2026 11:19,19.3.9,0,Zomato,Food Delivery
absolute cinema. like this app.balanced price. quite a good food app. love it,5,02-03-2026 11:17,19.3.9,0,Zomato,Food Delivery
good,5,02-03-2026 11:16,19.3.9,0,Zomato,Food Delivery
good,3,02-03-2026 11:15,19.3.9,0,Zomato,Food Delivery
"fantastic ,super duper fast.",5,02-03-2026 11:13,19.3.9,0,Zomato,Food Delivery
best,5,02-03-2026 11:11,19.4.2,0,Zomato,Food Delivery
very nice experience,5,02-03-2026 11:06,19.4.2,0,Zomato,Food Delivery
good,5,02-03-2026 11:06,19.2.5,0,Zomato,Food Delivery
awesome,5,02-03-2026 11:06,19.3.9,0,Zomato,Food Delivery
7 of my orders got delayed by 40 min this month and it's not the restaurant,1,02-03-2026 11:01,,0,Zomato,Food Delivery
it is very good app for food delivery but one problem is for long distance they will take 100 rs delivery charges,4,02-03-2026 11:00,19.4.2,0,Zomato,Food Delivery
Good service,5,02-03-2026 10:57,19.4.2,0,Zomato,Food Delivery
Good,5,02-03-2026 10:49,19.3.7,0,Zomato,Food Delivery
v fast,5,02-03-2026 10:49,19.3.9,0,Zomato,Food Delivery
very good,5,02-03-2026 10:47,19.4.2,0,Zomato,Food Delivery
superb cheap and best,5,02-03-2026 10:37,19.4.2,0,Zomato,Food Delivery
very nice👌,5,02-03-2026 10:35,19.3.9,0,Zomato,Food Delivery
ok,5,02-03-2026 10:31,19.3.9,0,Zomato,Food Delivery
I have downloaded zomato ..but everytime I have tried to login with my phone number or gmail ..it shows timeout or sending otp... I got very tired with this app... please check what is going on,1,02-03-2026 10:28,,0,Zomato,Food Delivery
"Orders cannot be canceled once made even within seconds of ordering. There were two occasions we were required to cancel. Once we ordered a dish but the restaurant called us and said they could not provide that since they were sold out on that dish item. But there was no cancelation option available from both sides. Second, when we ordered, the time to deliver was too long. Even within seconda of ordering, zomato didn't cancel the order and said that the food has been started to prepare.",2,02-03-2026 10:28,,0,Zomato,Food Delivery
good 👍🏻 experience,5,02-03-2026 10:27,,0,Zomato,Food Delivery
Awesome,5,02-03-2026 10:26,19.3.9,0,Zomato,Food Delivery
delivery the food within time happy,4,02-03-2026 10:24,,0,Zomato,Food Delivery
good,5,02-03-2026 10:22,19.3.9,0,Zomato,Food Delivery
The hidden charges and sudden price surges are annoying. Apart from that I like 'feeding india' campaign.,3,02-03-2026 10:17,,0,Zomato,Food Delivery
good experience,5,02-03-2026 10:15,19.3.9,0,Zomato,Food Delivery
it's very helpful...and their delivery timming is very fastly...,5,02-03-2026 10:11,,0,Zomato,Food Delivery
Nice working,5,02-03-2026 10:07,19.3.9,0,Zomato,Food Delivery
good,5,02-03-2026 10:06,19.3.9,0,Zomato,Food Delivery
easy to use,5,02-03-2026 10:06,19.3.6,0,Zomato,Food Delivery
good,5,02-03-2026 09:57,19.3.9,0,Zomato,Food Delivery
gud but discount and offers no,4,02-03-2026 09:49,19.3.9,0,Zomato,Food Delivery
prompt delivery,5,02-03-2026 09:47,19.0.7,0,Zomato,Food Delivery
service is good,5,02-03-2026 09:44,19.3.4,0,Zomato,Food Delivery
good,4,02-03-2026 09:37,19.3.9,0,Zomato,Food Delivery
nice,4,02-03-2026 09:36,19.3.7,0,Zomato,Food Delivery
nice app,4,02-03-2026 09:31,,0,Zomato,Food Delivery
perfect app to food order.. delivered on time,5,02-03-2026 09:28,,0,Zomato,Food Delivery
vari expansive fud not participating in normal man,1,02-03-2026 09:16,,0,Zomato,Food Delivery
good service and I always experienced that Zomato gives more discounts than Swiggy and others... thanks,5,02-03-2026 09:04,19.4.2,0,Zomato,Food Delivery
"It works as intended, there can be location issues at times though guiding delivery partners!",5,02-03-2026 08:58,,0,Zomato,Food Delivery
nice 👍,5,02-03-2026 08:49,19.3.1,0,Zomato,Food Delivery
good,5,02-03-2026 08:43,19.3.9,0,Zomato,Food Delivery
love,5,02-03-2026 08:22,,0,Zomato,Food Delivery
"It is the best food app the prices are low,fast delivery and good quality food",5,02-03-2026 08:21,19.3.9,0,Zomato,Food Delivery
I love 😘😘😘,5,02-03-2026 07:55,19.4.2,0,Zomato,Food Delivery
There is no non veg option why ?,4,02-03-2026 07:53,19.3.9,0,Zomato,Food Delivery
easy to operate and can select varieties of hotels.,5,02-03-2026 07:50,,0,Zomato,Food Delivery
It is the best for food delivery!,4,02-03-2026 07:50,19.4.2,0,Zomato,Food Delivery
good🕺🏼😃,5,02-03-2026 07:50,,0,Zomato,Food Delivery
Nice,3,02-03-2026 07:41,19.3.9,0,Zomato,Food Delivery
😀😀😄😄😍😍.mmm .,5,02-03-2026 07:18,,0,Zomato,Food Delivery
best,5,02-03-2026 07:15,19.3.9,0,Zomato,Food Delivery
good,5,02-03-2026 06:51,19.3.9,0,Zomato,Food Delivery
thanks for extra voucher Mr. zomato,5,02-03-2026 05:39,19.3.4,0,Zomato,Food Delivery
good,4,02-03-2026 04:51,19.3.9,0,Zomato,Food Delivery
excellent,5,02-03-2026 04:35,19.3.9,0,Zomato,Food Delivery
Sometimes customer support bot system/procedure is not at all user friendly.,3,02-03-2026 04:00,19.3.9,0,Zomato,Food Delivery
Nice,5,02-03-2026 03:57,19.3.9,0,Zomato,Food Delivery
it's danm good... must try and. enjoy your meal.,5,02-03-2026 03:52,19.3.9,0,Zomato,Food Delivery
not baad,5,02-03-2026 03:43,,0,Zomato,Food Delivery
"some are good outlet there like ""Pizza wings""",5,02-03-2026 03:14,19.3.9,0,Zomato,Food Delivery
amazing service.,5,02-03-2026 03:07,19.3.9,0,Zomato,Food Delivery
excellent service & quality,5,02-03-2026 03:02,19.3.1,0,Zomato,Food Delivery
some issues have but it good,5,02-03-2026 03:00,19.3.9,0,Zomato,Food Delivery
good service,4,02-03-2026 02:42,,0,Zomato,Food Delivery
good experience,5,02-03-2026 02:35,,0,Zomato,Food Delivery
best app and fast delivery,5,02-03-2026 02:24,19.3.9,0,Zomato,Food Delivery
very good 👍😊,5,02-03-2026 02:23,19.3.9,0,Zomato,Food Delivery
best,5,02-03-2026 02:23,19.3.7,0,Zomato,Food Delivery
third class service delivery man ritesh zatake from jalgaon😡😡,5,02-03-2026 02:19,19.3.9,1,Zomato,Food Delivery
the outlet is out of stock with the items and still I have to pay cancellation charges,1,02-03-2026 02:18,19.3.9,0,Zomato,Food Delivery
good,5,02-03-2026 02:18,19.3.0,0,Zomato,Food Delivery
excellent,5,02-03-2026 02:00,19.3.7,0,Zomato,Food Delivery
very good,5,02-03-2026 01:58,19.3.9,0,Zomato,Food Delivery
super,4,02-03-2026 01:56,19.3.9,0,Zomato,Food Delivery
good experience,5,02-03-2026 01:49,19.3.9,0,Zomato,Food Delivery
good 👍,4,02-03-2026 01:48,19.3.9,0,Zomato,Food Delivery
❤️,5,02-03-2026 01:47,19.3.9,0,Zomato,Food Delivery
good,5,02-03-2026 01:42,19.3.4,0,Zomato,Food Delivery
भुकलेल्या साठी एकदम भारी उपाय,5,02-03-2026 01:42,19.3.9,0,Zomato,Food Delivery
good,5,02-03-2026 01:25,19.4.2,0,Zomato,Food Delivery
love it 😄,5,02-03-2026 01:22,19.3.7,0,Zomato,Food Delivery
Paise bhut hai lekin sab ke,5,02-03-2026 01:19,19.3.9,0,Zomato,Food Delivery
Zomato is really crazy♥️,5,02-03-2026 01:15,19.3.9,0,Zomato,Food Delivery
Best,5,02-03-2026 01:14,19.4.2,0,Zomato,Food Delivery
amazing,5,02-03-2026 01:08,19.4.2,0,Zomato,Food Delivery
price are high,5,02-03-2026 01:03,,0,Zomato,Food Delivery
nice,5,02-03-2026 01:03,,0,Zomato,Food Delivery
I love zomato,5,02-03-2026 00:56,19.3.9,0,Zomato,Food Delivery
good,5,02-03-2026 00:56,19.3.9,0,Zomato,Food Delivery
ok service,5,02-03-2026 00:54,19.3.9,0,Zomato,Food Delivery
amazing experience 🌟🌟🌟🌟,5,02-03-2026 00:54,19.3.9,0,Zomato,Food Delivery
testi foods,5,02-03-2026 00:53,19.4.2,0,Zomato,Food Delivery
good experience,5,02-03-2026 00:52,19.4.2,0,Zomato,Food Delivery
nice experience,5,02-03-2026 00:51,19.3.9,0,Zomato,Food Delivery
excellent,5,02-03-2026 00:45,19.3.9,0,Zomato,Food Delivery
✋🤤,5,02-03-2026 00:42,19.3.9,0,Zomato,Food Delivery
good,5,02-03-2026 00:41,,0,Zomato,Food Delivery
good ♥️,5,02-03-2026 00:35,,0,Zomato,Food Delivery
very good,5,02-03-2026 00:26,19.4.2,0,Zomato,Food Delivery
best app but please provide more discount.,5,02-03-2026 00:26,19.3.9,0,Zomato,Food Delivery
it's amazing but platform should reduce the delivery charges.,4,02-03-2026 00:24,,0,Zomato,Food Delivery
badiya,5,02-03-2026 00:23,19.3.9,0,Zomato,Food Delivery
brilliant thanks 👍,5,02-03-2026 00:19,19.3.9,0,Zomato,Food Delivery
लेते सी,5,02-03-2026 00:14,,0,Zomato,Food Delivery
"""Outstanding experience! The food was fresh, delicious, and well-packed. The quality exceeded expectations, and delivery was on time. Definitely ordering again. 5 stars!""",5,02-03-2026 00:13,19.3.9,1,Zomato,Food Delivery
only the app which gives the best service and the best price is Zomato it's like the way better option than another apps it provides 24/7 customer service it's just so good mainly for Gen-z it's so good like me,5,02-03-2026 00:13,19.3.4,0,Zomato,Food Delivery
good,5,02-03-2026 00:09,19.3.9,0,Zomato,Food Delivery
wrost service ever,1,02-03-2026 00:07,19.3.9,0,Zomato,Food Delivery
wow,5,02-03-2026 00:03,19.4.2,0,Zomato,Food Delivery
amazing food and delivery fast,5,02-03-2026 00:03,,0,Zomato,Food Delivery
nothing to say,5,02-03-2026 00:01,19.3.9,0,Zomato,Food Delivery
good,5,02-03-2026 00:01,19.3.7,0,Zomato,Food Delivery
good service,5,02-03-2026 00:00,19.3.9,0,Zomato,Food Delivery
good,5,01-03-2026 23:58,19.3.9,0,Zomato,Food Delivery
"I personally love using Zomato for ordering food. The app is very well organized, with clear sections that make everything easy to find. Nothing feels mixed up, and the filtering and sorting options help me quickly select what I want. It’s simple, user-friendly, and makes ordering food smooth and hassle-free. Highly recommended!",5,01-03-2026 23:57,19.4.2,0,Zomato,Food Delivery
pagal bnate hai ye log saale,1,01-03-2026 23:55,19.3.1,0,Zomato,Food Delivery
not,5,01-03-2026 23:54,,0,Zomato,Food Delivery
"I love this app, it gives instant delivery",5,01-03-2026 23:54,19.3.9,0,Zomato,Food Delivery
super,5,01-03-2026 23:46,19.3.9,0,Zomato,Food Delivery
good service,3,01-03-2026 23:46,19.4.2,0,Zomato,Food Delivery
good,4,01-03-2026 23:45,19.3.9,0,Zomato,Food Delivery
good 👍👍👍👍👍👍👍,4,01-03-2026 23:44,,0,Zomato,Food Delivery
good,5,01-03-2026 23:41,19.3.9,0,Zomato,Food Delivery
good,5,01-03-2026 23:39,19.3.9,0,Zomato,Food Delivery
good,5,01-03-2026 23:38,19.3.9,0,Zomato,Food Delivery
Great,5,01-03-2026 23:37,,0,Zomato,Food Delivery
nice,5,01-03-2026 23:34,19.4.2,0,Zomato,Food Delivery
very nice scervic like your pizza 🍕,5,01-03-2026 23:34,19.4.2,0,Zomato,Food Delivery
not bad,2,01-03-2026 23:32,19.3.7,0,Zomato,Food Delivery
beat delivery app,5,01-03-2026 23:31,19.3.9,0,Zomato,Food Delivery
Good 😊😊,5,01-03-2026 23:29,19.3.9,0,Zomato,Food Delivery
Orders are often delayed,2,01-03-2026 23:28,,0,Zomato,Food Delivery
very nice and amazing,5,01-03-2026 23:27,19.4.2,0,Zomato,Food Delivery
good food and best service,5,01-03-2026 23:23,19.3.4,0,Zomato,Food Delivery
"super Zomato delivery,,😍",5,01-03-2026 23:23,19.3.6,0,Zomato,Food Delivery
excellent,5,01-03-2026 23:23,19.3.9,0,Zomato,Food Delivery
great 👍,5,01-03-2026 23:22,,0,Zomato,Food Delivery
I like your service 👍,5,01-03-2026 23:22,19.3.9,0,Zomato,Food Delivery
can buy any food from any shop easily,4,01-03-2026 23:21,19.3.9,0,Zomato,Food Delivery
very nice,5,01-03-2026 23:21,19.3.7,0,Zomato,Food Delivery
really good,3,01-03-2026 23:19,19.3.9,0,Zomato,Food Delivery
excellent,5,01-03-2026 23:17,19.3.9,0,Zomato,Food Delivery
"i like your service but few months back i don't know why you block my cod but now I can use,and now I am loving it but i suggest you that just remove those that packing charges...",4,01-03-2026 23:12,19.3.9,0,Zomato,Food Delivery
quality food,5,01-03-2026 23:09,19.3.9,0,Zomato,Food Delivery
very Good service ever,5,01-03-2026 23:08,19.3.9,0,Zomato,Food Delivery
good,5,01-03-2026 23:08,,0,Zomato,Food Delivery
Just Wow,5,01-03-2026 23:08,19.3.9,0,Zomato,Food Delivery
Always good,5,01-03-2026 23:07,19.3.7,0,Zomato,Food Delivery
"this app is too good for food orders especially they are very fast, but the pricing is too much.",5,01-03-2026 23:06,,0,Zomato,Food Delivery
Everything else is fine but you people charge it very high. Not everyone is rich. If you make it a little cheaper then you will get more orders because many people do not order because it is expensive.,3,01-03-2026 23:04,19.3.9,0,Zomato,Food Delivery
"worst experience. ordered food and estimated time was only 45 minutes. when I didn't receive food by 45 minutes. I tried to get help but the automated message was giving me different time to wait. After 20 mins and 4 different time given by automated messaging, my chat went to live rep where one of the rep told there is an issue with dilevery rider so I will provide alternative rider and chat was ended without any resolution. Later another rep after 90 mins told we cannot deliver your order.",1,01-03-2026 23:04,19.3.9,0,Zomato,Food Delivery
best for food safe delivery,5,01-03-2026 23:03,,0,Zomato,Food Delivery
is app ❣️ke jariye ham bhukhe nhi so pate insaan kbhi kbhi paisa hoke bhi bhukha so jata is app ka hamari life me jine ka bahut important hai zomato team ko ❣️ dilse dhanyawad dena chahta hu aaise hi krte rahiye Radhey Radhey 🙏🏻,5,01-03-2026 23:02,19.3.1,0,Zomato,Food Delivery
made my day!!!,5,01-03-2026 22:59,19.3.9,0,Zomato,Food Delivery
nice,5,01-03-2026 22:59,19.3.9,0,Zomato,Food Delivery
it's nice,5,01-03-2026 22:57,19.4.2,0,Zomato,Food Delivery
awesome,5,01-03-2026 22:57,19.3.9,0,Zomato,Food Delivery
excellent service,4,01-03-2026 22:57,19.3.9,0,Zomato,Food Delivery
thankyou,5,01-03-2026 22:56,19.4.2,0,Zomato,Food Delivery
good in service,5,01-03-2026 22:55,19.3.9,0,Zomato,Food Delivery
good service,5,01-03-2026 22:54,19.3.9,0,Zomato,Food Delivery
gud.,5,01-03-2026 22:53,19.3.9,0,Zomato,Food Delivery
fabulous,5,01-03-2026 22:52,19.3.7,0,Zomato,Food Delivery
"shows a price while browsing and gives another hiked price at checkout , even after having gold subscription. zomato kaa maayaa",1,01-03-2026 22:52,19.3.9,0,Zomato,Food Delivery
smooth and fast....,5,01-03-2026 22:51,19.0.3,0,Zomato,Food Delivery
I no about zomato but In my mob I have ordered 2nd tym,5,01-03-2026 22:51,19.4.2,0,Zomato,Food Delivery
increase to show more restaurant near Tambaram,4,01-03-2026 22:50,19.3.9,0,Zomato,Food Delivery
Very Good,5,01-03-2026 22:50,19.4.2,0,Zomato,Food Delivery
very bad... they are taking full money if the order is cancelled.. very poor service very bad,1,01-03-2026 22:50,19.0.7,0,Zomato,Food Delivery
excellent,5,01-03-2026 22:49,19.3.9,0,Zomato,Food Delivery
good experience,5,01-03-2026 22:48,,0,Zomato,Food Delivery
nice,5,01-03-2026 22:47,19.3.9,0,Zomato,Food Delivery
Fast Delivery,4,01-03-2026 22:47,,0,Zomato,Food Delivery
Amazing App 💕,5,01-03-2026 22:46,19.3.9,0,Zomato,Food Delivery
so good 👍😊,5,01-03-2026 22:44,19.3.9,0,Zomato,Food Delivery
great exp..,5,01-03-2026 22:44,19.4.2,0,Zomato,Food Delivery
"The order rating includes only restaurant and delivery partner. however - when you know the fault could also be with the app, which decides to assign partner much later than the order is ready - I feel it requires to rate the app as well.",2,01-03-2026 22:43,19.4.2,0,Zomato,Food Delivery
little slow Dilevery and expensive,4,01-03-2026 22:43,19.3.9,0,Zomato,Food Delivery
Good Fast and Easy,5,01-03-2026 22:42,19.3.9,0,Zomato,Food Delivery
Fabulous job!!!,5,01-03-2026 22:42,19.3.9,0,Zomato,Food Delivery
I love the coupons and the fastest delivery I'll always prefer zomato over any other food apps,5,01-03-2026 22:42,19.3.9,0,Zomato,Food Delivery
Very good service,5,01-03-2026 22:41,19.4.2,0,Zomato,Food Delivery
very good,5,01-03-2026 22:40,19.3.9,0,Zomato,Food Delivery
good for food,5,01-03-2026 22:39,19.3.9,0,Zomato,Food Delivery
only one word super,5,01-03-2026 22:39,19.3.9,0,Zomato,Food Delivery
awesome,5,01-03-2026 22:39,19.3.9,0,Zomato,Food Delivery
"good service, fast delivery ❤️🫶",5,01-03-2026 22:39,19.3.7,0,Zomato,Food Delivery
mast Discount dera hai bhai,4,01-03-2026 22:38,19.3.9,0,Zomato,Food Delivery
order missing. paying extra. delay delivery,1,01-03-2026 22:36,,0,Zomato,Food Delivery
good,5,01-03-2026 22:33,19.2.6,0,Zomato,Food Delivery
I had ordered something else and it was completely different from the cheapest which I got. I need my refund after deducting the price of the received product,1,01-03-2026 22:32,19.3.9,0,Zomato,Food Delivery
bs mujhe offer nhi dete 🥲baki sab sahi h 🫠🫶,5,01-03-2026 22:28,19.3.2,0,Zomato,Food Delivery
"A very good app, tho gives offers rarely",5,01-03-2026 22:27,,0,Zomato,Food Delivery
good 😊,5,01-03-2026 22:25,19.3.9,0,Zomato,Food Delivery
good,5,01-03-2026 22:25,19.3.9,0,Zomato,Food Delivery
good,5,01-03-2026 22:24,19.3.9,0,Zomato,Food Delivery
very good,5,01-03-2026 22:23,19.3.4,0,Zomato,Food Delivery
"on time delivery , it's fine 🙂",4,01-03-2026 22:23,19.3.7,0,Zomato,Food Delivery
good experience with zomato,4,01-03-2026 22:22,19.3.9,0,Zomato,Food Delivery
best,5,01-03-2026 22:22,,0,Zomato,Food Delivery
nice,5,01-03-2026 22:21,19.3.4,0,Zomato,Food Delivery
it's a good experience ordering from Zomato,5,01-03-2026 22:20,19.3.9,0,Zomato,Food Delivery
fantastic response and fast replies. I'm happy with the way orders are handled. moreover customer service support is fantastic.,5,01-03-2026 22:20,19.3.9,0,Zomato,Food Delivery
"zomato has started cheating it's customers, and don't refund for any wrong orders, restaurant numbers are also not valid. consumer case shall be booked against zomato for such forgery.",1,01-03-2026 22:20,,0,Zomato,Food Delivery
good,5,01-03-2026 22:20,19.3.9,0,Zomato,Food Delivery
It helps me everytime totally love this app.,5,01-03-2026 22:20,19.3.4,0,Zomato,Food Delivery
good,5,01-03-2026 22:19,19.3.9,0,Zomato,Food Delivery
"​I am writing this to express my extreme disappointment with this Domino’s outlet. My recent experience has been nothing short of a nightmare. ​Firstly, their customer support is appalling. The staff’s attitude is unprofessional, and they have no interest in resolving customer issues. Secondly, and more importantly, they are engaging in dishonest practices. My order was marked as ""delivered"" in the system, but I never received it. When I reached out to resolve the issue, I received no assistance",1,01-03-2026 22:19,,0,Zomato,Food Delivery
Zabardast,4,01-03-2026 22:18,,0,Zomato,Food Delivery
offers are everytime,4,01-03-2026 22:17,19.4.2,0,Zomato,Food Delivery
Okay,5,01-03-2026 22:15,19.3.9,0,Zomato,Food Delivery
good meal,5,01-03-2026 22:15,19.3.4,0,Zomato,Food Delivery
good,5,01-03-2026 22:15,,0,Zomato,Food Delivery
Poor customer service. Part of your order can go missing and they won't refund you simply because they don't have proof. Unethical.,1,01-03-2026 22:15,19.4.2,0,Zomato,Food Delivery
good,5,01-03-2026 22:14,,0,Zomato,Food Delivery
one time delivery boy scammed me with with double payment and told me one payment will get refund they take 2days to refund and I still don't know they have taken any action on the delivery boy,1,01-03-2026 22:14,,0,Zomato,Food Delivery
Best Quality,5,01-03-2026 22:13,,0,Zomato,Food Delivery
"items were missing, even delivery person told me about that, also he asked the restaurant that the order is incomplete and resturant told the him to deliver as it is but i took the food and raised the issue with pictures but they denied to refund. so it is my ending with zomato... this way u guys not going to survive already u running in loss but is not the way",1,01-03-2026 22:13,19.3.9,0,Zomato,Food Delivery
good experience,4,01-03-2026 22:12,,0,Zomato,Food Delivery
good 👍nice i love zomato ☺️❤️,5,01-03-2026 22:11,19.3.9,0,Zomato,Food Delivery
excellent,5,01-03-2026 22:11,19.3.9,0,Zomato,Food Delivery
Superb,5,01-03-2026 22:11,19.3.9,0,Zomato,Food Delivery
nice service and offers,5,01-03-2026 22:11,19.3.9,0,Zomato,Food Delivery
great,5,01-03-2026 22:10,19.3.9,0,Zomato,Food Delivery
wowo,5,01-03-2026 22:10,19.3.1,0,Zomato,Food Delivery
"Poor pathetic services by you.... If a wrong order is delivered to customers u dont have fair resolution just by saying that u will serve us better next time doesn't make all wrong things right... Either u should compensate customers or take some actions against those who provide wrong orders or poor quality products. ....... still no upgrade in deleivery services... late deleivery in prepaid orders 1march, 2026",1,01-03-2026 22:10,19.3.7,0,Zomato,Food Delivery
very good app,5,01-03-2026 22:09,19.3.9,0,Zomato,Food Delivery
good very,5,01-03-2026 22:09,,0,Zomato,Food Delivery
sarvanasanam aipotaru naa sapan vella vamsam nasanam oka _ app idhi dabbulu drngutaru ee _ galli veela komapalu kala yevaru kuda order pattakandi velli tesukobdi pakkana delivery ki 35 dengutunnaru lj gallu,1,01-03-2026 22:08,,0,Zomato,Food Delivery
great app for users and if nothing is made at home then it's more than useful 😄,5,01-03-2026 22:08,19.3.1,0,Zomato,Food Delivery
good service,5,01-03-2026 22:07,,0,Zomato,Food Delivery
pathetic experience.. delayed food delivery every time,1,01-03-2026 22:07,19.4.2,0,Zomato,Food Delivery
good experience,4,01-03-2026 22:06,,0,Zomato,Food Delivery
good,3,01-03-2026 22:06,19.3.9,0,Zomato,Food Delivery
they just doing nothing,1,01-03-2026 22:04,19.4.2,0,Zomato,Food Delivery
nice,5,01-03-2026 22:04,19.3.4,0,Zomato,Food Delivery
"I am giving 1 star because they deserve 3 star for lower price, for customer support they -2 star, if there is any problem in your delivery, just order food from some other plateform and forget about your money you paid",1,01-03-2026 22:04,,0,Zomato,Food Delivery
I order 5-6 times a week from Zomato or other apps. They do too much clubbing of orders that causes the delays. Customer support is also very poor.,1,01-03-2026 22:03,19.3.9,0,Zomato,Food Delivery
good,5,01-03-2026 22:03,19.3.9,0,Zomato,Food Delivery
Good,5,01-03-2026 22:03,19.3.9,0,Zomato,Food Delivery
This is really excellent because of this app I can eat whatever I want to eat at home and that I get easily wow amazing app made by the owner headsoff to the owner of this app,5,01-03-2026 22:01,19.3.4,0,Zomato,Food Delivery
nice 🙂,5,01-03-2026 22:00,19.3.9,0,Zomato,Food Delivery
good,5,01-03-2026 22:00,19.3.4,0,Zomato,Food Delivery
perfect timing,5,01-03-2026 22:00,,0,Zomato,Food Delivery
good service,5,01-03-2026 21:58,,0,Zomato,Food Delivery
good,5,01-03-2026 21:57,19.3.9,0,Zomato,Food Delivery
Nice experience to order to zomato.,5,01-03-2026 21:55,19.3.9,0,Zomato,Food Delivery
From last few months every order is late more than one hour for just less then 2 km and multi order system is pathetic.,1,01-03-2026 21:54,19.3.9,0,Zomato,Food Delivery
good 😊,5,01-03-2026 21:54,19.3.9,0,Zomato,Food Delivery
good,4,01-03-2026 21:53,19.4.2,0,Zomato,Food Delivery
b####S,2,01-03-2026 21:53,,0,Zomato,Food Delivery
the worst delivery app.... it's been an hour and nothing was received. They kept fooling me by saying that I'll get it soon as the driver stuck in traffic... my brother came from the same route and said there is no traffic... Even i checked and there was no traffic. the delivery guy is in my area for past 40 mnts and not answering my phone. he answered the first call and then disconnected by saying he Will call....the service people are not willing to help....they are forcing me to eat cold food,1,01-03-2026 21:52,19.3.9,0,Zomato,Food Delivery
"I am extremely disappointed with the delivery experience. My order was picked up within 20 minutes, but due to your policy of stacking orders, the driver was assigned a second delivery. This caused a 35-minute trip to turn into an 80-minute delay. I expect my food to be delivered directly when it is ready, not held hostage by a second order.",1,01-03-2026 21:51,19.3.9,0,Zomato,Food Delivery
"I'm honestly disappointed with Zomato. The delivery timings shown on the app are completely inaccurate - if it says 25 minutes, it usually takes more than 1 hr in reality.Deliveries are consistently late, food sometimes arrives in poor condition, and packaging quality isn't great. The prices on the app are often higher than the actual restaurant prices, which feels unfair. In some cases, restaurants don't even receive the order on time due to system delays, causing extra waiting. need important.",1,01-03-2026 21:50,19.4.2,1,Zomato,Food Delivery
great 👍,5,01-03-2026 21:50,19.3.9,0,Zomato,Food Delivery
super my favourite app ❤️❤️❤️❤️❤️,5,01-03-2026 21:49,19.4.2,0,Zomato,Food Delivery
great,5,01-03-2026 21:48,,0,Zomato,Food Delivery
very slow working,1,01-03-2026 21:47,19.3.9,0,Zomato,Food Delivery
smooth delivery 👍,5,01-03-2026 21:47,19.3.2,0,Zomato,Food Delivery
been using this for few years since and it's been amazing all along. now it's not able to add UPI ID for the payment method. ZOMATO doesn't recognise my banking app as UPI app. Useless.,1,01-03-2026 21:46,19.2.7,0,Zomato,Food Delivery
Nice,5,01-03-2026 21:46,,0,Zomato,Food Delivery
on time delivery,4,01-03-2026 21:46,19.3.9,0,Zomato,Food Delivery
good,5,01-03-2026 21:45,19.3.9,0,Zomato,Food Delivery
I have extremely dissappointed opinion towards the app. They do not refund the amount and do as they wish. I would never advice anyone to use the app.,4,01-03-2026 21:45,19.3.9,0,Zomato,Food Delivery
promth service,5,01-03-2026 21:45,19.3.9,0,Zomato,Food Delivery
fast service,5,01-03-2026 21:45,19.4.2,0,Zomato,Food Delivery
amazing discount,4,01-03-2026 21:44,19.4.2,0,Zomato,Food Delivery
best deals everyday,5,01-03-2026 21:44,,0,Zomato,Food Delivery
3 hrs phle order Kiya tha train me phir bhi nhi pahuchh paya inki wajah se puri raat bhule rhna pda phir sorry bol k inhone bohot bada ehsan kr diya,1,01-03-2026 21:43,19.3.9,0,Zomato,Food Delivery
nice people,5,01-03-2026 21:42,19.3.9,0,Zomato,Food Delivery
bad delivery wrong item received but not responsible customer care,1,01-03-2026 21:41,19.3.7,0,Zomato,Food Delivery
very nice,5,01-03-2026 21:40,19.4.2,0,Zomato,Food Delivery
cool,5,01-03-2026 21:39,19.4.2,0,Zomato,Food Delivery
amazing service,5,01-03-2026 21:39,19.3.4,0,Zomato,Food Delivery
good,4,01-03-2026 21:38,,0,Zomato,Food Delivery
nice,5,01-03-2026 21:36,,0,Zomato,Food Delivery
Zomato very bed service missing item not giving refund zomato support not responding properly very bed service I am going to court,1,01-03-2026 21:35,19.3.9,0,Zomato,Food Delivery
good,5,01-03-2026 21:34,19.3.9,0,Zomato,Food Delivery
addictive,1,01-03-2026 21:32,,0,Zomato,Food Delivery
nice,5,01-03-2026 21:32,19.3.9,0,Zomato,Food Delivery
good,5,01-03-2026 21:31,19.3.9,0,Zomato,Food Delivery
Excellent Service,5,01-03-2026 21:31,19.3.9,0,Zomato,Food Delivery
nice I'm getting lost of benefits by order by zomato,5,01-03-2026 21:28,,0,Zomato,Food Delivery
good,5,01-03-2026 21:28,19.3.9,0,Zomato,Food Delivery
very very good experience with it thanks a lot,5,01-03-2026 21:28,19.3.9,0,Zomato,Food Delivery
very good apppp,5,01-03-2026 21:28,19.3.6,0,Zomato,Food Delivery
good,4,01-03-2026 21:27,19.3.9,0,Zomato,Food Delivery
Good,4,01-03-2026 21:27,19.3.9,0,Zomato,Food Delivery
nice,5,01-03-2026 21:27,19.4.2,0,Zomato,Food Delivery
nice,5,01-03-2026 21:26,19.4.2,0,Zomato,Food Delivery
Fantastic.,5,01-03-2026 21:24,,0,Zomato,Food Delivery
worst service not providing delivery within the time,1,01-03-2026 21:24,19.3.9,0,Zomato,Food Delivery
good offer,4,01-03-2026 21:24,19.3.9,0,Zomato,Food Delivery
good,5,01-03-2026 21:23,19.3.9,0,Zomato,Food Delivery
excellent experience,5,01-03-2026 21:21,19.3.9,0,Zomato,Food Delivery
nice,5,01-03-2026 21:21,19.3.9,0,Zomato,Food Delivery
good,5,01-03-2026 21:20,19.3.9,0,Zomato,Food Delivery
really good ❤️,5,01-03-2026 21:19,19.3.9,0,Zomato,Food Delivery
last time life me bahut hi kharab khana pese ke anusaar nahi,1,01-03-2026 21:18,19.4.2,0,Zomato,Food Delivery
good,5,01-03-2026 21:18,19.3.7,0,Zomato,Food Delivery
Good features,5,01-03-2026 21:18,19.4.2,0,Zomato,Food Delivery
good 😊,5,01-03-2026 21:17,19.3.9,0,Zomato,Food Delivery
"cancelled my order within literally 20 seconds of placing it, and you’re still charging me the full amount? No food was prepared, no delivery was assigned, nothing had even started ....and yet customers are penalized instantly. This feels completely unfair and exploitative. If cancellation is not allowed even within a few seconds, then at least show a proper warning before payment. Extremely disappointing experience.",1,01-03-2026 21:17,,0,Zomato,Food Delivery
it's really helpful and I love it 🩵,5,01-03-2026 21:17,19.3.9,0,Zomato,Food Delivery
Good,4,01-03-2026 21:17,19.3.9,0,Zomato,Food Delivery
good service,5,01-03-2026 21:17,19.3.9,0,Zomato,Food Delivery
good service,5,01-03-2026 21:16,19.3.9,0,Zomato,Food Delivery
"prices are automatically kept more than what it is in the original restaurant menu , on top of that they charge platform fee, packing and other charges and then delivery charges",2,01-03-2026 21:16,,0,Zomato,Food Delivery
good,4,01-03-2026 21:15,19.3.6,0,Zomato,Food Delivery
excellent,5,01-03-2026 21:15,19.2.4,0,Zomato,Food Delivery
very good,5,01-03-2026 21:14,,0,Zomato,Food Delivery
good,5,01-03-2026 21:13,18.7.2,0,Zomato,Food Delivery
nice app,5,01-03-2026 21:13,19.3.9,0,Zomato,Food Delivery
good experience and I like,5,01-03-2026 21:12,19.4.2,0,Zomato,Food Delivery
zomato is fantastic!! just I need some more discounts!!!,5,01-03-2026 21:12,19.3.9,0,Zomato,Food Delivery
wow,5,01-03-2026 21:11,,0,Zomato,Food Delivery
Dam good app for a foodie person like me.,4,01-03-2026 21:10,19.3.4,0,Zomato,Food Delivery
Price is too much i ordered pizza which almost costed me double the original price,1,01-03-2026 21:09,19.3.9,0,Zomato,Food Delivery
good,5,01-03-2026 21:09,19.3.7,0,Zomato,Food Delivery
Last review was sent by mistake. Sorry. Zomato is really amazing.,5,01-03-2026 21:08,19.3.9,0,Zomato,Food Delivery
too good 👍,5,01-03-2026 21:08,19.4.1,0,Zomato,Food Delivery
very nice👍,5,01-03-2026 21:08,19.3.4,0,Zomato,Food Delivery
good deals with Healthy options,5,01-03-2026 21:07,19.3.9,0,Zomato,Food Delivery
noice!,5,01-03-2026 21:06,19.4.2,0,Zomato,Food Delivery
Nice,5,01-03-2026 21:06,19.3.9,0,Zomato,Food Delivery
awesome,5,01-03-2026 21:06,19.4.2,0,Zomato,Food Delivery
absolutely brilliant app 👏,5,01-03-2026 21:05,,0,Zomato,Food Delivery
very useful app. we can easily find restaurants of our heart cravings.,5,01-03-2026 21:04,,0,Zomato,Food Delivery
good service,5,01-03-2026 21:01,19.3.9,0,Zomato,Food Delivery
"Non existent support agents to talk to for any issue. Delivery time these days at least more than an hour even though they show 30 minutes. Customers are joke to these people. Instead of working on fancy gimmicky things like Temple and overacting on podcasts, please fix your service first",1,01-03-2026 21:00,19.3.9,0,Zomato,Food Delivery
all the time I have ordered it doesn't show cod and if I paid online they deliver not at time they are now froto,1,01-03-2026 20:59,,0,Zomato,Food Delivery
zomato is really excellent platform for food.,5,01-03-2026 20:59,19.3.9,0,Zomato,Food Delivery
good,5,01-03-2026 20:58,19.4.2,0,Zomato,Food Delivery
very nice 👍 good food test is very nice,5,01-03-2026 20:58,19.4.2,0,Zomato,Food Delivery
good,4,01-03-2026 20:56,19.3.9,0,Zomato,Food Delivery
good,5,01-03-2026 20:55,,0,Zomato,Food Delivery
good app,5,01-03-2026 20:55,19.3.9,0,Zomato,Food Delivery
good,4,01-03-2026 20:54,19.3.9,0,Zomato,Food Delivery
the food came all spilled,1,01-03-2026 20:54,,0,Zomato,Food Delivery
this is the best delivery app ever. this app gives more offers than any apps and I love it for that. keep growing zomato. from our family we love you and always will 😀,5,01-03-2026 20:54,,0,Zomato,Food Delivery
Nice App,5,01-03-2026 20:53,16.1.2,0,Zomato,Food Delivery
good,4,01-03-2026 20:52,,0,Zomato,Food Delivery
"worst app.... they have no facility to talk with customer care. I have got bad food twice in last 10 days, no way to raise complaint.",1,01-03-2026 20:52,19.3.9,0,Zomato,Food Delivery
excellent💯,5,01-03-2026 20:51,19.3.7,0,Zomato,Food Delivery
very good,4,01-03-2026 20:51,,0,Zomato,Food Delivery
good,4,01-03-2026 20:51,19.4.2,0,Zomato,Food Delivery
super,5,01-03-2026 20:50,19.4.2,0,Zomato,Food Delivery
best in market,4,01-03-2026 20:49,,0,Zomato,Food Delivery
hgood,4,01-03-2026 20:49,19.3.9,0,Zomato,Food Delivery
good,4,01-03-2026 20:49,19.3.9,0,Zomato,Food Delivery
best food delivery app,5,01-03-2026 20:49,19.3.9,0,Zomato,Food Delivery
good,5,01-03-2026 20:48,19.3.9,0,Zomato,Food Delivery
nice,5,01-03-2026 20:48,19.4.2,0,Zomato,Food Delivery
uts best,5,01-03-2026 20:48,,0,Zomato,Food Delivery
wow,4,01-03-2026 20:47,,0,Zomato,Food Delivery
good,5,01-03-2026 20:47,,0,Zomato,Food Delivery
"This app is costly according to food , I purchase same thing in less rate on food cart or shop 😞",3,01-03-2026 20:47,19.4.2,0,Zomato,Food Delivery
ok,4,01-03-2026 20:47,19.4.2,0,Zomato,Food Delivery
👍,5,01-03-2026 20:47,19.3.9,0,Zomato,Food Delivery
god job,5,01-03-2026 20:46,19.3.9,0,Zomato,Food Delivery
Good 👍,5,01-03-2026 20:46,19.4.2,0,Zomato,Food Delivery
user friendly Application easy to use!!,5,01-03-2026 20:45,19.4.2,0,Zomato,Food Delivery
taste good,5,01-03-2026 20:45,,0,Zomato,Food Delivery
"absolutely amazing, great service",5,01-03-2026 20:45,19.3.9,0,Zomato,Food Delivery
amazing,5,01-03-2026 20:45,19.3.9,0,Zomato,Food Delivery
Very Good Service,5,01-03-2026 20:44,,0,Zomato,Food Delivery
very helpful,5,01-03-2026 20:44,18.7.8,0,Zomato,Food Delivery
switch to Swiggy. worst customer service and worst delivery,1,01-03-2026 20:44,19.3.9,0,Zomato,Food Delivery
"I ordered their signature dish, which was beautifully presented and served hot. The flavors were well-balanced—spicy yet subtle, with a perfect blend of herbs and spices.The service was prompt and courteous. The staff members were attentive and ensured that everything was served on time. Hygiene and cleanliness were also well maintained. Overall, the food quality, taste, and presentation were impressive. I would definitely recommend this place to anyone looking for a pleasant dining experience.",5,01-03-2026 20:44,19.3.7,0,Zomato,Food Delivery
sexy,5,01-03-2026 20:44,19.3.7,0,Zomato,Food Delivery
Excellent,5,01-03-2026 20:43,19.3.9,0,Zomato,Food Delivery
Good,5,01-03-2026 20:43,,0,Zomato,Food Delivery
Good Experience,5,01-03-2026 20:41,19.3.9,0,Zomato,Food Delivery
yea its good,5,01-03-2026 20:41,19.3.9,0,Zomato,Food Delivery
awesome,5,01-03-2026 20:40,19.3.9,0,Zomato,Food Delivery
it's good,5,01-03-2026 20:40,19.3.9,0,Zomato,Food Delivery
very good seftly food delivered.. thank you,5,01-03-2026 20:40,19.3.9,0,Zomato,Food Delivery
i love this app ☺️🤝😊👍,5,01-03-2026 20:39,,0,Zomato,Food Delivery
good service.,5,01-03-2026 20:39,19.3.4,0,Zomato,Food Delivery
good,4,01-03-2026 20:38,19.3.9,0,Zomato,Food Delivery
very good and very nice,5,01-03-2026 20:37,19.3.9,0,Zomato,Food Delivery
they delay the order very much.. pathetic service,1,01-03-2026 20:37,19.3.9,0,Zomato,Food Delivery
very Nice food delivery app. fast delivery.,5,01-03-2026 20:37,19.3.2,0,Zomato,Food Delivery
best thali,5,01-03-2026 20:36,19.3.9,0,Zomato,Food Delivery
amazing app,5,01-03-2026 20:35,19.4.2,0,Zomato,Food Delivery
best option when hungry😎,5,01-03-2026 20:35,19.3.9,0,Zomato,Food Delivery
Best food delivery app✨✨,5,01-03-2026 20:34,19.3.9,0,Zomato,Food Delivery
very good and comfortable app,5,01-03-2026 20:34,19.3.9,0,Zomato,Food Delivery
good service,4,01-03-2026 20:34,19.4.2,0,Zomato,Food Delivery
super,5,01-03-2026 20:34,19.3.9,0,Zomato,Food Delivery
no good offers,3,01-03-2026 20:33,,0,Zomato,Food Delivery
Zomato's service is very good and they deliver on time.,5,01-03-2026 20:32,19.4.2,0,Zomato,Food Delivery
good,5,01-03-2026 20:31,19.4.2,0,Zomato,Food Delivery
always on time and great delivery experience,4,01-03-2026 20:31,19.4.2,0,Zomato,Food Delivery
best for order on the train option,5,01-03-2026 20:29,19.3.9,0,Zomato,Food Delivery
on time delivery very good,4,01-03-2026 20:28,19.3.9,0,Zomato,Food Delivery
nice,4,01-03-2026 20:27,19.3.9,0,Zomato,Food Delivery
Nice late delivery,3,01-03-2026 20:27,19.3.9,0,Zomato,Food Delivery
bad service,1,01-03-2026 20:27,19.3.9,0,Zomato,Food Delivery
delivery late,1,01-03-2026 20:26,19.3.9,0,Zomato,Food Delivery
"⭐⭐⭐⭐⭐ The experience was really good from start to finish. Ordering was simple, updates were clear, and the delivery was on time. The food arrived fresh, well-packed, and just as expected. It felt smooth, reliable, and stress-free. Overall, a very satisfying experience and definitely worth using again.",5,01-03-2026 20:26,19.3.9,0,Zomato,Food Delivery
Good Food delivered ever 😊❤️,5,01-03-2026 20:25,,0,Zomato,Food Delivery
good,5,01-03-2026 20:25,19.3.9,0,Zomato,Food Delivery
super,5,01-03-2026 20:25,,0,Zomato,Food Delivery
delhiczious,5,01-03-2026 20:24,19.3.9,0,Zomato,Food Delivery
Good,5,01-03-2026 20:24,19.3.9,0,Zomato,Food Delivery
excellent Service,5,01-03-2026 20:23,19.3.9,0,Zomato,Food Delivery
app and rates are ok during ordering but after ordering rates increased and coupnes displayed for original rates. why this saving formalities?,3,01-03-2026 20:23,19.3.9,0,Zomato,Food Delivery
speechless,5,01-03-2026 20:22,19.4.2,0,Zomato,Food Delivery
Totally mismanagement. we already know given time is estimated. But 20 minutes turn into 50 minutes with rider unlogic explanation shows how un planned deliveries runs now,1,01-03-2026 20:22,19.4.2,0,Zomato,Food Delivery
best food service app . I'll enjoy it 😀,5,01-03-2026 20:22,,0,Zomato,Food Delivery
Exceptional some times,4,01-03-2026 20:22,,0,Zomato,Food Delivery
nice,4,01-03-2026 20:22,,0,Zomato,Food Delivery
very good experience from last 5 years ...Zomato is our best food delivery partner for forever,5,01-03-2026 20:21,18.1.9,0,Zomato,Food Delivery
enjoying your food,4,01-03-2026 20:21,,0,Zomato,Food Delivery
good..!,5,01-03-2026 20:21,19.3.9,0,Zomato,Food Delivery
its easy to order,5,01-03-2026 20:20,19.3.7,0,Zomato,Food Delivery
Nice Experience,5,01-03-2026 20:20,19.4.2,0,Zomato,Food Delivery
good offers 👍,5,01-03-2026 20:19,19.3.9,0,Zomato,Food Delivery
"very good app, the app for online food shopping ,India best app",5,01-03-2026 20:17,19.3.9,0,Zomato,Food Delivery
"too costly on zomato, you can get the same food at a lower price on Swiggy or at nearby restaurants.. zomato charges almost 100% of what that food is actually worth..",1,01-03-2026 20:17,,0,Zomato,Food Delivery
good,5,01-03-2026 20:15,19.3.7,0,Zomato,Food Delivery
Best And Easy,5,01-03-2026 20:14,,0,Zomato,Food Delivery
best app with good location tracing good restaurant taking out good offers good Mal,5,01-03-2026 20:14,,0,Zomato,Food Delivery
Customer friendly,4,01-03-2026 20:14,19.3.9,0,Zomato,Food Delivery
Plz.make necessary arrangements for having option for text msg on whatsppps for deaf persons in case of delievery of foods.,5,01-03-2026 20:14,19.3.9,0,Zomato,Food Delivery
price higher than in swiggy,4,01-03-2026 20:14,19.2.3,0,Zomato,Food Delivery
very nice 👌,4,01-03-2026 20:13,19.3.9,0,Zomato,Food Delivery
Super fast and good offers 👍 make sure keep up good work. Don't get into competition mode with others provider do your best customer will come to you,5,01-03-2026 20:13,19.3.9,0,Zomato,Food Delivery
exlent,5,01-03-2026 20:13,19.3.9,0,Zomato,Food Delivery
very good,5,01-03-2026 20:11,,0,Zomato,Food Delivery
nice collection,5,01-03-2026 20:11,,0,Zomato,Food Delivery
good app very nice for lazy days,5,01-03-2026 20:08,19.3.9,0,Zomato,Food Delivery
"present old UI is good but, time to change the new UI.",4,01-03-2026 20:07,19.3.9,0,Zomato,Food Delivery
good,5,01-03-2026 20:07,19.4.2,0,Zomato,Food Delivery
🙂😊,3,01-03-2026 20:06,19.3.9,0,Zomato,Food Delivery
good,5,01-03-2026 20:06,19.3.9,0,Zomato,Food Delivery
Great,5,01-03-2026 20:06,19.3.9,0,Zomato,Food Delivery
excellent,5,01-03-2026 20:06,19.3.7,0,Zomato,Food Delivery
"outstanding i love this buger thanxxx brick and basil,,,🎉🎉🎉👍🏻👍🏻👍🏻👍🏻💕💕💕💕💕",5,01-03-2026 20:06,19.3.9,0,Zomato,Food Delivery
very hood experience,5,01-03-2026 20:05,19.3.9,0,Zomato,Food Delivery
good,5,01-03-2026 20:04,,0,Zomato,Food Delivery
excellent,5,01-03-2026 20:03,19.3.9,0,Zomato,Food Delivery
"Seems better than Swiggy, but don't know for sure",5,01-03-2026 20:02,19.3.9,0,Zomato,Food Delivery
nice app,5,01-03-2026 20:02,19.3.9,0,Zomato,Food Delivery
now you can't even read reviews of restaurants. proves that zomato instead of improving quality and experience is working on exploiting industry even more.,1,01-03-2026 20:02,19.4.2,0,Zomato,Food Delivery
excellent service,5,01-03-2026 20:01,19.4.2,0,Zomato,Food Delivery
it's a good app,5,01-03-2026 20:00,19.4.2,0,Zomato,Food Delivery
nice,5,01-03-2026 19:59,19.3.9,0,Zomato,Food Delivery
like it,5,01-03-2026 19:59,,0,Zomato,Food Delivery
delevery Charg very high,1,01-03-2026 19:59,19.3.9,0,Zomato,Food Delivery
excellent experience,5,01-03-2026 19:59,19.3.6,0,Zomato,Food Delivery
super,5,01-03-2026 19:59,19.3.9,0,Zomato,Food Delivery
Good,5,01-03-2026 19:58,19.3.9,0,Zomato,Food Delivery
good,5,01-03-2026 19:58,19.3.9,0,Zomato,Food Delivery
good,5,01-03-2026 19:58,19.3.2,0,Zomato,Food Delivery
very nice service. discount should be given more.,5,01-03-2026 19:57,19.3.9,0,Zomato,Food Delivery
Deserves Minus rating.....worst experience!,1,01-03-2026 19:57,19.3.4,0,Zomato,Food Delivery
nice 👍,5,01-03-2026 19:56,19.3.4,0,Zomato,Food Delivery
tiffins,5,01-03-2026 19:54,19.3.9,0,Zomato,Food Delivery
good,5,01-03-2026 19:54,,0,Zomato,Food Delivery
very good experience,5,01-03-2026 19:54,16.4.4,0,Zomato,Food Delivery
"Zomato frequently runs a scam. Order 4 meals and the 5th meal will be free, however, that can never be claimed. When the time comes to claim, then they have technical glitch and app error. The customer support is also of poor quality. They don't know anything...if you have a problem the answer is ""our team will look into it"".",1,01-03-2026 19:53,19.3.9,0,Zomato,Food Delivery
good,5,01-03-2026 19:53,19.3.9,0,Zomato,Food Delivery
good,5,01-03-2026 19:51,19.3.9,0,Zomato,Food Delivery
very good,5,01-03-2026 19:51,19.4.2,0,Zomato,Food Delivery
good,5,01-03-2026 19:49,19.3.9,0,Zomato,Food Delivery
good,5,01-03-2026 19:48,19.3.9,0,Zomato,Food Delivery
Good food items and fast delivery. Safe trasaction and keeping privacy.,5,01-03-2026 19:48,19.3.0,0,Zomato,Food Delivery
👌thanku,5,01-03-2026 19:48,,0,Zomato,Food Delivery
good,5,01-03-2026 19:47,19.4.1,0,Zomato,Food Delivery
always best,5,01-03-2026 19:47,19.3.2,0,Zomato,Food Delivery
"beautiful interface, nice service.",5,01-03-2026 19:46,19.3.9,0,Zomato,Food Delivery
best app!!,5,01-03-2026 19:46,,0,Zomato,Food Delivery
best experience,5,01-03-2026 19:46,19.3.9,0,Zomato,Food Delivery
👍 gr8,5,01-03-2026 19:45,19.3.0,0,Zomato,Food Delivery
👌,5,01-03-2026 19:45,19.3.9,0,Zomato,Food Delivery
zomato app was a very best app,5,01-03-2026 19:45,19.3.9,0,Zomato,Food Delivery
Nice taste,5,01-03-2026 19:45,19.3.9,0,Zomato,Food Delivery
nice delivery and nice food,5,01-03-2026 19:45,19.4.2,0,Zomato,Food Delivery
good,5,01-03-2026 19:44,19.4.2,0,Zomato,Food Delivery
Super Fast with Amazing Deals,5,01-03-2026 19:43,19.4.2,0,Zomato,Food Delivery
phele se better h,4,01-03-2026 19:43,,0,Zomato,Food Delivery
good service 👍🏻,5,01-03-2026 19:42,,0,Zomato,Food Delivery
More offers would do,5,01-03-2026 19:41,19.3.9,0,Zomato,Food Delivery
😁❤️,4,01-03-2026 19:41,19.3.9,0,Zomato,Food Delivery
good,5,01-03-2026 19:41,19.3.7,0,Zomato,Food Delivery
very nice experience,5,01-03-2026 19:41,19.3.9,0,Zomato,Food Delivery
ok,5,01-03-2026 19:40,19.3.4,0,Zomato,Food Delivery
great app,5,01-03-2026 19:39,19.3.9,0,Zomato,Food Delivery
it is very best option for food delivary,5,01-03-2026 19:39,19.4.2,0,Zomato,Food Delivery
"This app is so amazing. whenever I hungry and I order from this app, it delivers my order quickly, and my cravings are quickly satisfied. worth every rupee. cravings satisfied ✔️",4,01-03-2026 19:39,,0,Zomato,Food Delivery
Good,4,01-03-2026 19:38,19.4.2,0,Zomato,Food Delivery
"They always assigned my order with other order due these, I always received my order late. I tried gold membership and still they assigned my order with other order.",1,01-03-2026 19:38,19.3.9,0,Zomato,Food Delivery
jabardasti ke charges laga rahe hai,1,01-03-2026 19:38,19.4.2,0,Zomato,Food Delivery
zomato app is super amazing!✨,4,01-03-2026 19:38,19.4.2,0,Zomato,Food Delivery
good,5,01-03-2026 19:37,19.3.9,0,Zomato,Food Delivery
good,4,01-03-2026 19:36,19.4.1,0,Zomato,Food Delivery
great,5,01-03-2026 19:36,19.3.9,0,Zomato,Food Delivery
good,4,01-03-2026 19:36,19.3.9,0,Zomato,Food Delivery
just wow,5,01-03-2026 19:36,,0,Zomato,Food Delivery
super,5,01-03-2026 19:36,19.3.9,0,Zomato,Food Delivery
Nice app!,5,01-03-2026 19:35,19.3.6,0,Zomato,Food Delivery
Excellent,5,01-03-2026 19:35,,0,Zomato,Food Delivery
very good 👍,5,01-03-2026 19:35,19.3.9,0,Zomato,Food Delivery
nice,5,01-03-2026 19:34,19.3.9,0,Zomato,Food Delivery
"zomato became worst. Multipleorders 1. I have received wrong order. 2.orderd 2 items but received one. I raised complaint on this,nothing sorted at that moment,in chat,mentioned if the issue didn't solve then mail to customer care, so sent a mail with all the details,what I ordered and what I received,images n all. But I received a response they couldn't move forward and they can't issue refund. 3.Late delivery.If the restaurant nearby also they will take 45-60mins to deliver which is pathetic.",1,01-03-2026 19:33,19.3.9,0,Zomato,Food Delivery
Nice Experience & Nice Service From Tambaram Chennai,5,01-03-2026 19:32,,0,Zomato,Food Delivery
very good service on nice offers,5,01-03-2026 19:31,,0,Zomato,Food Delivery
super,5,01-03-2026 19:31,19.4.2,0,Zomato,Food Delivery
superb,5,01-03-2026 19:30,19.3.9,0,Zomato,Food Delivery
Really good app but takes little time to get delivered but overall amazing app.,5,01-03-2026 19:29,19.3.9,0,Zomato,Food Delivery
pretty good. I like it. Been using it for a while now,5,01-03-2026 19:28,19.3.9,0,Zomato,Food Delivery
good,4,01-03-2026 19:27,19.4.2,0,Zomato,Food Delivery
ultimate food,5,01-03-2026 19:26,19.3.9,0,Zomato,Food Delivery
good app,5,01-03-2026 19:26,19.3.9,0,Zomato,Food Delivery
excellent customer service,5,01-03-2026 19:26,19.3.7,0,Zomato,Food Delivery
Goodi,5,01-03-2026 19:24,19.3.9,0,Zomato,Food Delivery
nice,5,01-03-2026 19:23,,0,Zomato,Food Delivery
good,4,01-03-2026 19:21,19.3.9,0,Zomato,Food Delivery
very good app,5,01-03-2026 19:20,19.3.9,0,Zomato,Food Delivery
super fast delivery,5,01-03-2026 19:19,19.3.9,0,Zomato,Food Delivery
good offers,4,01-03-2026 19:19,19.3.9,0,Zomato,Food Delivery
nice aap supper,5,01-03-2026 19:19,19.3.9,0,Zomato,Food Delivery
good,4,01-03-2026 19:19,19.3.9,0,Zomato,Food Delivery
good 👍,5,01-03-2026 19:18,19.3.9,0,Zomato,Food Delivery
very convenient platform to book anything in one click,5,01-03-2026 19:18,19.3.9,0,Zomato,Food Delivery
All good,4,01-03-2026 19:18,19.3.9,0,Zomato,Food Delivery
awesome 👍,5,01-03-2026 19:17,19.4.2,0,Zomato,Food Delivery
great experience,5,01-03-2026 19:17,,0,Zomato,Food Delivery
super,5,01-03-2026 19:16,19.3.9,0,Zomato,Food Delivery
...good,5,01-03-2026 19:15,19.3.9,0,Zomato,Food Delivery
nice,2,01-03-2026 19:14,19.3.9,0,Zomato,Food Delivery
wonderful offers and the best available but sometimes the orders are not placing a time but it's ok slightly ok make it more wide assign many Zomato partners please 🥺❤️❤️❤️,5,01-03-2026 19:13,,0,Zomato,Food Delivery
👍😊 good,5,01-03-2026 19:13,19.3.9,0,Zomato,Food Delivery
giving best offer to new customer,5,01-03-2026 19:11,19.4.2,0,Zomato,Food Delivery
good service,5,01-03-2026 19:09,19.4.2,0,Zomato,Food Delivery
Keep it up.,5,01-03-2026 19:09,19.3.9,0,Zomato,Food Delivery
Nice,5,01-03-2026 19:06,19.3.9,0,Zomato,Food Delivery
good,5,01-03-2026 19:06,19.3.9,0,Zomato,Food Delivery
Good,4,01-03-2026 19:06,19.3.9,0,Zomato,Food Delivery
loved it,5,01-03-2026 19:05,,0,Zomato,Food Delivery
very quick service. Happy,5,01-03-2026 19:05,19.3.9,0,Zomato,Food Delivery
When your lazy person with some moderate bank balance it's be too usefull😸😝,4,01-03-2026 19:04,19.3.9,0,Zomato,Food Delivery
super,5,01-03-2026 19:04,19.4.2,0,Zomato,Food Delivery
👍,5,01-03-2026 19:04,19.4.2,0,Zomato,Food Delivery
👍 good,5,01-03-2026 19:04,19.3.9,0,Zomato,Food Delivery
Wonderful experience. Ordering mouth-watering dishes from favourite restaurants. Getting delivery within stipulated time with great offers.,5,01-03-2026 19:03,19.3.9,0,Zomato,Food Delivery
very good service,5,01-03-2026 19:03,19.3.9,0,Zomato,Food Delivery
food but can be better,4,01-03-2026 19:02,19.3.9,0,Zomato,Food Delivery
awesome,5,01-03-2026 19:02,,0,Zomato,Food Delivery
nice,5,01-03-2026 19:00,19.3.9,0,Zomato,Food Delivery
ok,4,01-03-2026 18:59,19.3.7,0,Zomato,Food Delivery
it's very convenient for me,5,01-03-2026 18:59,19.3.9,0,Zomato,Food Delivery
good,5,01-03-2026 18:59,19.4.2,0,Zomato,Food Delivery
good,5,01-03-2026 18:59,,0,Zomato,Food Delivery
early delivery,5,01-03-2026 18:58,19.3.9,0,Zomato,Food Delivery
good,5,01-03-2026 18:56,18.9.5,0,Zomato,Food Delivery
very good,5,01-03-2026 18:56,19.3.2,0,Zomato,Food Delivery
idk ordering firsr time,5,01-03-2026 18:56,19.3.9,0,Zomato,Food Delivery
very good experience 😃,4,01-03-2026 18:56,,0,Zomato,Food Delivery
Super 👌 Delivery company,5,01-03-2026 18:55,19.4.2,0,Zomato,Food Delivery
👍,3,01-03-2026 18:53,,0,Zomato,Food Delivery
simple superb,5,01-03-2026 18:52,19.3.9,0,Zomato,Food Delivery
amazing for foodie 😀,5,01-03-2026 18:52,,0,Zomato,Food Delivery
Fast delivery.,5,01-03-2026 18:52,19.3.9,0,Zomato,Food Delivery
awesome 😎,5,01-03-2026 18:52,,0,Zomato,Food Delivery
best,5,01-03-2026 18:52,19.3.7,0,Zomato,Food Delivery
"on time and friendly delivery partener, thank you",5,01-03-2026 18:51,19.3.9,0,Zomato,Food Delivery
food 🤟,5,01-03-2026 18:50,19.4.2,0,Zomato,Food Delivery
good,4,01-03-2026 18:50,,0,Zomato,Food Delivery
Nice,5,01-03-2026 18:50,19.3.1,0,Zomato,Food Delivery
good,5,01-03-2026 18:49,19.3.9,0,Zomato,Food Delivery
Good Services,5,01-03-2026 18:49,19.3.9,0,Zomato,Food Delivery
I like this especially for the coupons and discounts,5,01-03-2026 18:48,19.3.9,0,Zomato,Food Delivery
Excellent,5,01-03-2026 18:47,19.3.9,0,Zomato,Food Delivery
good,5,01-03-2026 18:47,19.3.9,0,Zomato,Food Delivery
best food app.🍕🍺,5,01-03-2026 18:46,19.3.9,0,Zomato,Food Delivery
👌👌,5,01-03-2026 18:45,19.4.2,0,Zomato,Food Delivery
super,5,01-03-2026 18:45,19.3.9,0,Zomato,Food Delivery
good,5,01-03-2026 18:45,19.3.9,0,Zomato,Food Delivery
good,3,01-03-2026 18:44,,0,Zomato,Food Delivery
Great service,5,01-03-2026 18:44,19.3.9,0,Zomato,Food Delivery
Amazing experience with Taste,5,01-03-2026 18:43,19.3.7,0,Zomato,Food Delivery
Fast and safe Delivery,5,01-03-2026 18:41,19.3.9,0,Zomato,Food Delivery
it's faster and better experience I have found with zomato.,4,01-03-2026 18:41,19.3.9,0,Zomato,Food Delivery
Good,4,01-03-2026 18:40,,0,Zomato,Food Delivery
nice,5,01-03-2026 18:39,19.3.8,0,Zomato,Food Delivery
nice,5,01-03-2026 18:39,19.4.2,0,Zomato,Food Delivery
taste,4,01-03-2026 18:37,,0,Zomato,Food Delivery
good,5,01-03-2026 18:37,19.3.9,0,Zomato,Food Delivery
lent hloi,4,01-03-2026 18:37,,0,Zomato,Food Delivery
good,5,01-03-2026 18:36,,0,Zomato,Food Delivery
friends in need,5,01-03-2026 18:36,19.4.2,0,Zomato,Food Delivery
easy to use,5,01-03-2026 18:35,19.3.9,0,Zomato,Food Delivery
very satisfying,5,01-03-2026 18:33,19.3.4,0,Zomato,Food Delivery
NOT NOW,4,01-03-2026 18:33,19.3.9,0,Zomato,Food Delivery
❤️‍🩹,5,01-03-2026 18:33,19.3.9,0,Zomato,Food Delivery
amazing service..,5,01-03-2026 18:33,19.4.2,0,Zomato,Food Delivery
good service,4,01-03-2026 18:33,19.3.9,0,Zomato,Food Delivery
very smooth n value for money,5,01-03-2026 18:32,19.3.9,0,Zomato,Food Delivery
nice,5,01-03-2026 18:31,19.1.8,0,Zomato,Food Delivery
nice app,5,01-03-2026 18:31,19.3.9,0,Zomato,Food Delivery
good,5,01-03-2026 18:31,19.3.9,0,Zomato,Food Delivery
nice app,5,01-03-2026 18:30,19.3.9,0,Zomato,Food Delivery
nice exam,4,01-03-2026 18:29,19.3.9,0,Zomato,Food Delivery
good,4,01-03-2026 18:28,19.3.9,0,Zomato,Food Delivery
good to use it,5,01-03-2026 18:28,,0,Zomato,Food Delivery
I was lucky to have an aap like this,5,01-03-2026 18:26,19.4.1,0,Zomato,Food Delivery
charges are too much,3,01-03-2026 18:24,19.3.9,0,Zomato,Food Delivery
good,5,01-03-2026 18:23,19.3.9,0,Zomato,Food Delivery
ver good,2,01-03-2026 18:23,19.4.2,0,Zomato,Food Delivery
pretty fast delivery,5,01-03-2026 18:22,19.3.9,0,Zomato,Food Delivery
good,5,01-03-2026 18:22,18.9.8,0,Zomato,Food Delivery
good,4,01-03-2026 18:21,19.3.9,0,Zomato,Food Delivery
nice one,5,01-03-2026 18:21,,0,Zomato,Food Delivery
my experience related to the delivery I'd totally outstanding . I am truly obssesed,4,01-03-2026 18:20,19.3.9,0,Zomato,Food Delivery
very good,5,01-03-2026 18:19,,0,Zomato,Food Delivery
too good,5,01-03-2026 18:17,19.3.9,0,Zomato,Food Delivery
good,5,01-03-2026 18:16,19.2.7,0,Zomato,Food Delivery
varity of food outlet,5,01-03-2026 18:15,,0,Zomato,Food Delivery
nice all brand things in one app nice,5,01-03-2026 18:15,19.3.9,0,Zomato,Food Delivery
❤️❤️❤️,5,01-03-2026 18:12,,0,Zomato,Food Delivery
चोर हैं ये company।। और इसका owner भी।।,1,01-03-2026 18:12,19.3.7,0,Zomato,Food Delivery
good,5,01-03-2026 18:12,19.3.9,0,Zomato,Food Delivery
he,1,01-03-2026 18:12,19.3.9,0,Zomato,Food Delivery
good experience,5,01-03-2026 18:11,19.3.9,0,Zomato,Food Delivery
very good service,5,01-03-2026 18:10,19.3.9,0,Zomato,Food Delivery
nice experience,5,01-03-2026 18:10,,0,Zomato,Food Delivery
good services,5,01-03-2026 18:09,19.3.9,0,Zomato,Food Delivery
very good,5,01-03-2026 18:09,,0,Zomato,Food Delivery
very good,5,01-03-2026 18:08,19.3.9,0,Zomato,Food Delivery
rider bahut badamiz hai,1,01-03-2026 18:08,,0,Zomato,Food Delivery
good food,4,01-03-2026 18:07,19.3.9,0,Zomato,Food Delivery
the Ui Ux team definetly need a raise,5,01-03-2026 18:06,19.4.2,0,Zomato,Food Delivery
Good but delivery partner get low prize money very bad,4,01-03-2026 18:06,19.3.9,0,Zomato,Food Delivery
not bad,1,01-03-2026 18:05,,0,Zomato,Food Delivery
quick food options,5,01-03-2026 18:03,19.3.9,0,Zomato,Food Delivery
good& lowest prices,5,01-03-2026 18:03,,0,Zomato,Food Delivery
good,5,01-03-2026 18:02,19.3.9,0,Zomato,Food Delivery
Good,4,01-03-2026 18:01,19.3.9,0,Zomato,Food Delivery
better than swiggy on offers,5,01-03-2026 18:00,19.3.9,0,Zomato,Food Delivery
good,5,01-03-2026 17:59,19.3.9,0,Zomato,Food Delivery
good service,5,01-03-2026 17:58,,0,Zomato,Food Delivery
amazing app for food delivery with great variety,5,01-03-2026 17:56,,0,Zomato,Food Delivery
love the app,4,01-03-2026 17:56,19.3.1,0,Zomato,Food Delivery
good,5,01-03-2026 17:55,19.3.9,0,Zomato,Food Delivery
It was my first time experiencing zomato. I really didn't expect that they really do such fast delivery and they deliver food in our area as well. Doing a great job zomato. best wishes 🙏 🧿,4,01-03-2026 17:55,,0,Zomato,Food Delivery
nice app....but not worth for earning,3,01-03-2026 17:55,19.2.3,0,Zomato,Food Delivery
👍🏻,5,01-03-2026 17:52,,0,Zomato,Food Delivery
good service,5,01-03-2026 17:50,19.3.7,0,Zomato,Food Delivery
good,5,01-03-2026 17:49,19.3.9,0,Zomato,Food Delivery
👍💪,5,01-03-2026 17:49,19.3.9,0,Zomato,Food Delivery
good handy app,5,01-03-2026 17:49,19.4.2,0,Zomato,Food Delivery
good,5,01-03-2026 17:49,19.3.9,0,Zomato,Food Delivery
A really nice app to order food but sometimes the GPS shows wrong location so the drivers will be calling you to ask the way. Sometimes when you order food like ice cream at night most of the time they call and say we don't have the flavour available you asked for so we'll share another one...same for pastries too. But really nice app!,4,01-03-2026 17:48,19.3.9,0,Zomato,Food Delivery
best food delivery app ever,5,01-03-2026 17:45,19.3.9,0,Zomato,Food Delivery
nice,5,01-03-2026 17:43,19.3.9,0,Zomato,Food Delivery
good experience for me delivery always on time.,4,01-03-2026 17:42,19.3.9,0,Zomato,Food Delivery
we booked food but food is not good & i raised complete but no one is not responding properly. money is taking extra also,1,01-03-2026 17:40,19.3.9,0,Zomato,Food Delivery
FANTABULOUS,5,01-03-2026 17:40,19.4.2,0,Zomato,Food Delivery
good job 👍🏻,5,01-03-2026 17:38,19.4.2,0,Zomato,Food Delivery
Wow,5,01-03-2026 17:38,,0,Zomato,Food Delivery
I love it,5,01-03-2026 17:37,,0,Zomato,Food Delivery
good one,5,01-03-2026 17:37,19.3.9,0,Zomato,Food Delivery
amazing😍,5,01-03-2026 17:35,19.3.9,0,Zomato,Food Delivery
very nice and if you want a safer option it is the best app :),5,01-03-2026 17:35,19.4.2,0,Zomato,Food Delivery
good but we can't order things from multiple restaurant at once,4,01-03-2026 17:34,19.3.9,0,Zomato,Food Delivery
On time delivery,5,01-03-2026 17:33,,0,Zomato,Food Delivery
zomato is awesome u can use and the price is also good,5,01-03-2026 17:33,,0,Zomato,Food Delivery
goooood,5,01-03-2026 17:31,19.3.9,0,Zomato,Food Delivery
good,5,01-03-2026 17:30,19.3.1,0,Zomato,Food Delivery
good,4,01-03-2026 17:30,19.3.9,0,Zomato,Food Delivery
great app,5,01-03-2026 17:30,,0,Zomato,Food Delivery
nice,4,01-03-2026 17:29,,0,Zomato,Food Delivery
Good 👍😊,5,01-03-2026 17:27,19.3.9,0,Zomato,Food Delivery
Really thanks to Zomato.,5,01-03-2026 17:26,19.3.6,0,Zomato,Food Delivery
good,5,01-03-2026 17:25,19.3.9,0,Zomato,Food Delivery
Wonderful service,5,01-03-2026 17:22,19.3.9,0,Zomato,Food Delivery
pizza's phenomenal,5,01-03-2026 17:22,,0,Zomato,Food Delivery
good 😊,5,01-03-2026 17:20,19.3.9,0,Zomato,Food Delivery
very good offers,5,01-03-2026 17:18,19.3.9,0,Zomato,Food Delivery
good,4,01-03-2026 17:16,,0,Zomato,Food Delivery
better service than any other app,3,01-03-2026 17:15,19.4.2,0,Zomato,Food Delivery
ok,5,01-03-2026 17:13,19.3.9,0,Zomato,Food Delivery
it not deliver food in villagees that the main problem,1,01-03-2026 17:10,,0,Zomato,Food Delivery
very good good,5,01-03-2026 17:08,19.3.9,0,Zomato,Food Delivery
good experience,5,01-03-2026 17:07,,0,Zomato,Food Delivery
nice,5,01-03-2026 17:07,19.3.9,0,Zomato,Food Delivery
"Zomato charges restaurants around 20–30% commission, leading to higher app prices — customers often pay 30–40% more after platform and delivery fees. Delivery partners earn roughly ₹20–25k/month after fuel, with no job security or free electric bikes, despite “partner support” claims. Meanwhile, Zomato reports rising revenues and profits. Overpriced food, squeezed restaurants, underpaid riders —its time we consumer stopped using zomato all together.",1,01-03-2026 17:06,19.3.9,0,Zomato,Food Delivery
good sarvice,5,01-03-2026 17:05,19.3.9,0,Zomato,Food Delivery
gud service,5,01-03-2026 17:04,19.3.1,0,Zomato,Food Delivery
it's preety good,4,01-03-2026 17:04,19.3.9,0,Zomato,Food Delivery
very good service,4,01-03-2026 17:03,,0,Zomato,Food Delivery
very nice,5,01-03-2026 17:01,19.3.9,0,Zomato,Food Delivery
best food delivery app ever too fast delivery,5,01-03-2026 17:01,19.3.9,0,Zomato,Food Delivery
really good,5,01-03-2026 17:00,19.3.9,0,Zomato,Food Delivery
loved it,5,01-03-2026 16:59,19.4.2,0,Zomato,Food Delivery
"I am denied the Gold Membership benefits, though I am a Gold Member.",5,01-03-2026 16:57,19.3.9,0,Zomato,Food Delivery
awesome,5,01-03-2026 16:56,19.3.9,0,Zomato,Food Delivery
good for for order,5,01-03-2026 16:55,19.3.9,0,Zomato,Food Delivery
good,4,01-03-2026 16:54,19.3.9,0,Zomato,Food Delivery
nice 👍🏻,5,01-03-2026 16:53,,0,Zomato,Food Delivery
excellent,5,01-03-2026 16:53,19.3.9,0,Zomato,Food Delivery
excellent,5,01-03-2026 16:51,19.4.2,0,Zomato,Food Delivery
awesome 👌,4,01-03-2026 16:50,19.3.9,0,Zomato,Food Delivery
Nice,5,01-03-2026 16:49,19.3.9,0,Zomato,Food Delivery
Best app,5,01-03-2026 16:49,,0,Zomato,Food Delivery
everything is good but your delivery is too late please fast your delivery,5,01-03-2026 16:48,19.4.2,0,Zomato,Food Delivery
system is great,5,01-03-2026 16:47,19.3.9,0,Zomato,Food Delivery
good service,5,01-03-2026 16:45,19.3.9,0,Zomato,Food Delivery
good,5,01-03-2026 16:43,19.3.9,0,Zomato,Food Delivery
ecinet,5,01-03-2026 16:43,,0,Zomato,Food Delivery
No refund is anything goes wrong. Customer support is waste. Re-review: I've increased my rating from 1* to 3*s. What got better: Customer support has improved somewhat! What still needs fixing: Menu prices are still higher than what's actually offered by the restaurants. Above that Zomato still charges a hefty platform fee after taking Gold Membership. Not many good restaurants are available from my location to take advantage of the membership (limit of 10km).,3,01-03-2026 16:43,19.4.2,1,Zomato,Food Delivery
❤️,5,01-03-2026 16:42,,0,Zomato,Food Delivery
Excellent Service,5,01-03-2026 16:41,19.3.9,0,Zomato,Food Delivery
The App is good and clear interface and options of all food in shorts and All the restaurants are included there..,5,01-03-2026 16:40,,0,Zomato,Food Delivery
delivered falooda after 45mins of pickup and support says kulfi is there in glass in chat. as they have confirmed from restaurant. Which kulfi stays for 45 mins outside freezer.,1,01-03-2026 16:39,19.3.9,0,Zomato,Food Delivery
Good,5,01-03-2026 16:39,,0,Zomato,Food Delivery
super satisfied,5,01-03-2026 16:36,19.3.9,0,Zomato,Food Delivery
very good,5,01-03-2026 16:36,19.3.9,0,Zomato,Food Delivery
best,5,01-03-2026 16:34,,0,Zomato,Food Delivery
"I’m extremely disappointed with Zomato’s service. Orders are consistently delayed, and the delivery time keeps increasing after confirmation. There is no accountability. The biggest issue is the lack of proper customer support, there’s no option to directly call an executive when something goes wrong. Chat support is slow and unhelpful. This has happened multiple times. Very frustrating experience. Not reliable anymore.",1,01-03-2026 16:34,19.3.9,0,Zomato,Food Delivery
good service 👍,5,01-03-2026 16:33,19.3.9,0,Zomato,Food Delivery
nice ig,5,01-03-2026 16:32,19.3.9,0,Zomato,Food Delivery
😍😍,4,01-03-2026 16:30,19.3.9,0,Zomato,Food Delivery
maze karo zamoto ke sath 🫂,5,01-03-2026 16:28,19.3.9,0,Zomato,Food Delivery
Promotion to your upi i wont support !! Disappointed update,1,01-03-2026 16:27,,0,Zomato,Food Delivery
good,4,01-03-2026 16:27,19.3.9,0,Zomato,Food Delivery
good 👍,5,01-03-2026 16:25,19.3.9,0,Zomato,Food Delivery
good app,4,01-03-2026 16:24,19.3.7,0,Zomato,Food Delivery
good,5,01-03-2026 16:23,,0,Zomato,Food Delivery
good,5,01-03-2026 16:18,19.4.2,0,Zomato,Food Delivery
iejegfe,5,01-03-2026 16:17,,0,Zomato,Food Delivery
good,5,01-03-2026 16:17,,0,Zomato,Food Delivery
fav food delivery app more discounts than swigy and all shittt apps ❤️ zomato.. saved money by use zomato 🤞,5,01-03-2026 16:15,,0,Zomato,Food Delivery
great,5,01-03-2026 16:15,19.3.9,0,Zomato,Food Delivery
very goood😍😍😍,5,01-03-2026 16:14,19.1.8,0,Zomato,Food Delivery
helpful,5,01-03-2026 16:13,19.3.9,0,Zomato,Food Delivery
good,5,01-03-2026 16:12,,0,Zomato,Food Delivery
fast and furious wow 👌,5,01-03-2026 16:10,19.3.9,0,Zomato,Food Delivery
good,5,01-03-2026 16:09,19.3.9,0,Zomato,Food Delivery
nice very faster,5,01-03-2026 16:05,19.3.9,0,Zomato,Food Delivery
"good delivery, charges 👏",5,01-03-2026 16:03,19.3.7,0,Zomato,Food Delivery
I have tried multiple food delivery apps including ONDC apps but trust me zomato is the best app among all others because of it's affordable options and offers it provides great offers than piggy,5,01-03-2026 16:00,,0,Zomato,Food Delivery
superb,5,01-03-2026 15:59,15.9.3,0,Zomato,Food Delivery
good,5,01-03-2026 15:58,19.3.9,0,Zomato,Food Delivery
nice,5,01-03-2026 15:57,19.4.2,0,Zomato,Food Delivery
"Very disappointing experience. The delivery was delayed without any proper updates, and the food arrived lukewarm with poor packaging. Expected much better service and quality. Hope this improves soon.",1,01-03-2026 15:55,,0,Zomato,Food Delivery
very bad,1,01-03-2026 15:51,19.3.6,0,Zomato,Food Delivery
So far so it's OK । Service is nice as far as it should be । Let's see for the days to come । Thanking you ।,4,01-03-2026 15:50,19.4.2,0,Zomato,Food Delivery
easy to use.,5,01-03-2026 15:50,19.3.9,0,Zomato,Food Delivery
nice,5,01-03-2026 15:49,19.3.9,0,Zomato,Food Delivery
Very slow delivery. It shows double the delivery time and employees lie a lot.,1,01-03-2026 15:49,19.3.9,0,Zomato,Food Delivery
zomato Delivery sarvice to good,5,01-03-2026 15:47,19.3.9,0,Zomato,Food Delivery
good,5,01-03-2026 15:46,19.3.9,0,Zomato,Food Delivery
good,5,01-03-2026 15:46,19.4.2,0,Zomato,Food Delivery
lovely 😍,5,01-03-2026 15:46,19.3.9,0,Zomato,Food Delivery
thnx zomato,5,01-03-2026 15:46,19.3.9,0,Zomato,Food Delivery
good taste food and reasonably priced 🥳👍👌,5,01-03-2026 15:45,19.3.9,0,Zomato,Food Delivery
good experience,4,01-03-2026 15:45,19.3.9,0,Zomato,Food Delivery
good,5,01-03-2026 15:44,19.3.9,0,Zomato,Food Delivery
5 star deserved! great app!,5,01-03-2026 15:44,19.3.9,0,Zomato,Food Delivery
Nice,5,01-03-2026 15:44,19.3.7,0,Zomato,Food Delivery
Great experience.,5,01-03-2026 15:41,19.3.9,0,Zomato,Food Delivery
very smooth,5,01-03-2026 15:40,19.3.9,0,Zomato,Food Delivery
it's ok,3,01-03-2026 15:39,19.4.2,0,Zomato,Food Delivery
best,5,01-03-2026 15:38,19.3.9,0,Zomato,Food Delivery
good experience,5,01-03-2026 15:38,19.3.9,0,Zomato,Food Delivery
good,3,01-03-2026 15:38,19.3.9,0,Zomato,Food Delivery
"Promptly delivered on time. (Quality , price, taste is good, Packaging needs improvement) -Tea did not have glasses to serve -Must included tissues with food items",4,01-03-2026 15:36,,0,Zomato,Food Delivery
nice.,5,01-03-2026 15:35,19.3.9,0,Zomato,Food Delivery
price is very high,3,01-03-2026 15:35,19.3.9,0,Zomato,Food Delivery
great,4,01-03-2026 15:34,19.1.8,0,Zomato,Food Delivery
very tasty and less spicy samosa.Nice,5,01-03-2026 15:34,19.4.2,0,Zomato,Food Delivery
super,5,01-03-2026 15:31,19.3.9,0,Zomato,Food Delivery
great,5,01-03-2026 15:29,19.3.1,0,Zomato,Food Delivery
theek chaee,3,01-03-2026 15:29,19.3.9,0,Zomato,Food Delivery
good,5,01-03-2026 15:28,19.3.9,0,Zomato,Food Delivery
good,4,01-03-2026 15:27,19.3.9,0,Zomato,Food Delivery
just good 👍,5,01-03-2026 15:27,19.3.9,0,Zomato,Food Delivery
good,4,01-03-2026 15:26,19.3.9,0,Zomato,Food Delivery
it adds additional charges on food other than delivery charges which make it more costly,2,01-03-2026 15:26,19.3.9,0,Zomato,Food Delivery
best,5,01-03-2026 15:25,,0,Zomato,Food Delivery
I have been a good customer but today everything changed I had the worst experience ever I m uninstalling the app and I'll make sure all my friends and family don't use it thank you for today,1,01-03-2026 15:24,19.3.9,0,Zomato,Food Delivery
nice,4,01-03-2026 15:24,,0,Zomato,Food Delivery
good app,5,01-03-2026 15:21,19.4.2,0,Zomato,Food Delivery
good,5,01-03-2026 15:20,19.3.9,0,Zomato,Food Delivery
awesome,5,01-03-2026 15:18,19.3.9,0,Zomato,Food Delivery
good,5,01-03-2026 15:18,19.3.7,0,Zomato,Food Delivery
give's great discounts,5,01-03-2026 15:17,19.3.9,0,Zomato,Food Delivery
it's good,5,01-03-2026 15:17,19.3.9,0,Zomato,Food Delivery
moi foodiie partner 🤍✨,5,01-03-2026 15:16,,0,Zomato,Food Delivery
superb great offers,5,01-03-2026 15:16,19.3.9,0,Zomato,Food Delivery
good..with offers,5,01-03-2026 15:14,19.3.6,0,Zomato,Food Delivery
superb app so good,5,01-03-2026 15:14,19.3.9,0,Zomato,Food Delivery
nice,5,01-03-2026 15:14,19.3.9,0,Zomato,Food Delivery
nice 🙂,5,01-03-2026 15:13,19.3.7,0,Zomato,Food Delivery
osame taste and very good delivery time,5,01-03-2026 15:13,19.3.9,0,Zomato,Food Delivery
I like this app. Good food and Fast delivery. I would like to recommend it to you guys. Thanks Team Zomato.,5,01-03-2026 15:13,19.3.9,0,Zomato,Food Delivery
nice one,3,01-03-2026 15:13,19.3.9,0,Zomato,Food Delivery
good,4,01-03-2026 15:11,19.3.9,0,Zomato,Food Delivery
waste,1,01-03-2026 15:10,19.3.9,0,Zomato,Food Delivery
Great,5,01-03-2026 15:09,19.3.9,0,Zomato,Food Delivery
👍,5,01-03-2026 15:09,19.3.6,0,Zomato,Food Delivery
It was good to get food without loads of annoying packaging tape. A good place to get food.,5,01-03-2026 15:08,19.4.2,0,Zomato,Food Delivery
Great,5,01-03-2026 15:08,19.3.9,0,Zomato,Food Delivery
gooh,4,01-03-2026 15:07,19.3.9,0,Zomato,Food Delivery
this is so helpful,5,01-03-2026 15:06,19.3.6,0,Zomato,Food Delivery
timely late,1,01-03-2026 15:06,19.3.9,0,Zomato,Food Delivery
i have receve a order with in 8 min lovely service I am a 5 yr old customer and I gave this review 5 yr after because today I recive this with in 8min just loving it,5,01-03-2026 15:04,19.3.9,0,Zomato,Food Delivery
"awful customer service,scamming people by not providing adequate resolution.",1,01-03-2026 15:03,19.3.1,0,Zomato,Food Delivery
Very Very Good,5,01-03-2026 14:59,19.3.9,0,Zomato,Food Delivery
good,5,01-03-2026 14:59,19.3.7,0,Zomato,Food Delivery
delivery person location is not updated properly.sometimes they don't leave until getting confirmation in app please fix this 🙏🙂,3,01-03-2026 14:58,19.3.9,0,Zomato,Food Delivery
good app,5,01-03-2026 14:57,19.3.9,0,Zomato,Food Delivery
very easy and convenient,5,01-03-2026 14:55,19.3.9,0,Zomato,Food Delivery
"Better Interface, Increased Options of Restaurants, However discount coupon offers are reducing day by day.",4,01-03-2026 14:53,,0,Zomato,Food Delivery
"The food was absolutely delicious and reached me piping hot! High quality and great portions."" ""Every bite was a treat! Authentic flavors and beautifully packed."" Super fast delivery! The rider was professional and the food arrived much earlier than expected."" ""Impressive speed and the food was still fresh. Great job, Zomato!"" Excellent service from start to finish. Finding the right meal was easy and the delivery was seamless."" ""Zomato never disappoints. Consistent quality and reliable delivery",5,01-03-2026 14:53,19.3.9,0,Zomato,Food Delivery
"great app, good offers",5,01-03-2026 14:52,19.3.9,0,Zomato,Food Delivery
good service,4,01-03-2026 14:51,19.3.9,0,Zomato,Food Delivery
nice,5,01-03-2026 14:47,,0,Zomato,Food Delivery
very good app,5,01-03-2026 14:47,19.3.9,0,Zomato,Food Delivery
"01Mar26- Digital Thief -New looting service started. order success, food not delivered, forced to choose irrelevant option and blame customer for not refunding the money. 03Mar- Day by day, service is going down and late on every delivery... Even after multiple complaints, nothing changed.. Time to say second instance- 02May-worst restaurant.. worst customer service. worst delivery agent. worst support. totally zomato",1,01-03-2026 14:46,19.3.9,1,Zomato,Food Delivery
good,4,01-03-2026 14:46,19.3.9,0,Zomato,Food Delivery
amazing,5,01-03-2026 14:46,19.3.9,0,Zomato,Food Delivery
very nice,5,01-03-2026 14:44,19.4.2,0,Zomato,Food Delivery
I use this only when unavoidable.,3,01-03-2026 14:43,19.3.5,0,Zomato,Food Delivery
I am not getting any offers though i am the regular app user of this app kindly provide offers for me,5,01-03-2026 14:42,19.3.9,0,Zomato,Food Delivery
app mein payment issue and distance,3,01-03-2026 14:39,19.3.9,0,Zomato,Food Delivery
"biggest, scam app in India",1,01-03-2026 14:38,19.3.9,0,Zomato,Food Delivery
love it and get anywere and anytime,5,01-03-2026 14:37,,0,Zomato,Food Delivery
rudest chat agents and idiots bot to eat customers head,1,01-03-2026 14:37,19.3.9,0,Zomato,Food Delivery
amazing,5,01-03-2026 14:36,19.3.7,0,Zomato,Food Delivery
good,5,01-03-2026 14:35,19.4.2,0,Zomato,Food Delivery
good,5,01-03-2026 14:35,19.3.9,0,Zomato,Food Delivery
it's a worst app .... if any fault in app there is no refund and changing delivery address issues etc .,1,01-03-2026 14:33,19.4.2,0,Zomato,Food Delivery
very good experience,4,01-03-2026 14:32,19.3.9,0,Zomato,Food Delivery
good service,5,01-03-2026 14:29,19.3.9,0,Zomato,Food Delivery
give me more offer,4,01-03-2026 14:29,19.3.9,0,Zomato,Food Delivery
Loved zomato,5,01-03-2026 14:29,,0,Zomato,Food Delivery
it was good,5,01-03-2026 14:28,19.3.9,0,Zomato,Food Delivery
AC ha,4,01-03-2026 14:28,19.3.4,0,Zomato,Food Delivery
super,5,01-03-2026 14:28,19.3.9,0,Zomato,Food Delivery
nice,5,01-03-2026 14:25,19.3.9,0,Zomato,Food Delivery
very nice,5,01-03-2026 14:25,19.3.9,0,Zomato,Food Delivery
good,2,01-03-2026 14:24,19.3.9,0,Zomato,Food Delivery
"Simple n amazing, with exciting discount offers got wonderful deals...feel the luxury unconditional",5,01-03-2026 14:23,19.3.9,0,Zomato,Food Delivery
excellent,5,01-03-2026 14:23,19.3.9,0,Zomato,Food Delivery
chole chawal net found in any manu,3,01-03-2026 14:23,19.3.9,0,Zomato,Food Delivery
excellent,5,01-03-2026 14:21,19.3.9,0,Zomato,Food Delivery
super,5,01-03-2026 14:19,19.3.2,0,Zomato,Food Delivery
Good service but service charges a little bit more,5,01-03-2026 14:18,19.4.2,0,Zomato,Food Delivery
always good,5,01-03-2026 14:17,19.3.9,0,Zomato,Food Delivery
good,5,01-03-2026 14:16,19.3.9,0,Zomato,Food Delivery
great,5,01-03-2026 14:16,19.3.9,0,Zomato,Food Delivery
very good,5,01-03-2026 14:12,19.3.9,0,Zomato,Food Delivery
very good,4,01-03-2026 14:12,19.3.9,0,Zomato,Food Delivery
nyc app,5,01-03-2026 14:11,19.3.9,0,Zomato,Food Delivery
good,5,01-03-2026 14:11,19.4.2,0,Zomato,Food Delivery
excellent,5,01-03-2026 14:10,,0,Zomato,Food Delivery
awesome quality and always delivered within time,5,01-03-2026 14:07,19.3.9,0,Zomato,Food Delivery
good,3,01-03-2026 14:07,19.3.9,0,Zomato,Food Delivery
I'm satisfied by this aap delivery and food recommends . its experience is better then swiggy.,5,01-03-2026 14:05,,0,Zomato,Food Delivery
worse app,1,01-03-2026 14:05,19.3.7,0,Zomato,Food Delivery
Zomato is best.,5,01-03-2026 14:05,19.3.9,0,Zomato,Food Delivery
One of the best UI&UX with a more robust backend development done. put offers and discounts and very less.,4,01-03-2026 14:05,19.3.9,0,Zomato,Food Delivery
super,5,01-03-2026 14:04,,0,Zomato,Food Delivery
very good,5,01-03-2026 14:04,19.3.9,0,Zomato,Food Delivery
good,5,01-03-2026 14:04,,0,Zomato,Food Delivery
acchaa hai,5,01-03-2026 14:04,19.3.9,0,Zomato,Food Delivery
good,5,01-03-2026 14:03,19.4.2,0,Zomato,Food Delivery
it's good,5,01-03-2026 14:03,19.3.9,0,Zomato,Food Delivery
very nice 👍🏽,5,01-03-2026 14:02,19.3.7,0,Zomato,Food Delivery
excellent app,5,01-03-2026 14:02,19.3.4,0,Zomato,Food Delivery
exlent,5,01-03-2026 14:02,19.3.9,0,Zomato,Food Delivery
nice,5,01-03-2026 14:01,19.3.4,0,Zomato,Food Delivery
ok,5,01-03-2026 14:01,19.3.9,0,Zomato,Food Delivery
Good,4,01-03-2026 14:00,,0,Zomato,Food Delivery
beat service,5,01-03-2026 14:00,19.3.9,0,Zomato,Food Delivery
good,5,01-03-2026 14:00,19.4.1,0,Zomato,Food Delivery
Superb!,5,01-03-2026 14:00,19.3.9,0,Zomato,Food Delivery
🥰😍😍🥰🥰,5,01-03-2026 13:59,19.3.9,0,Zomato,Food Delivery
good quality,5,01-03-2026 13:59,,0,Zomato,Food Delivery
worst app swiggy is better,1,01-03-2026 13:57,,1,Zomato,Food Delivery
best,5,01-03-2026 13:56,19.3.9,0,Zomato,Food Delivery
it has been a great experience with zomato. I am really loving this app.,5,01-03-2026 13:54,19.3.4,0,Zomato,Food Delivery
always on time. did not disappoint even once,5,01-03-2026 13:54,19.3.9,0,Zomato,Food Delivery
good,5,01-03-2026 13:52,19.3.9,0,Zomato,Food Delivery
good,5,01-03-2026 13:52,19.3.9,0,Zomato,Food Delivery
price is too high,4,01-03-2026 13:51,,0,Zomato,Food Delivery
it's to goo,5,01-03-2026 13:49,19.3.7,0,Zomato,Food Delivery
nice,3,01-03-2026 13:49,19.3.9,0,Zomato,Food Delivery
Refund was through a coupon whose amount was less than what I lost and it was one u cannot apply alongside others,1,01-03-2026 13:49,19.3.9,0,Zomato,Food Delivery
great,5,01-03-2026 13:48,19.3.9,0,Zomato,Food Delivery
order's are delivered to fast and Giving offers on orders ❤️,5,01-03-2026 13:48,,0,Zomato,Food Delivery
quick food,4,01-03-2026 13:45,,0,Zomato,Food Delivery
good quality very tasty thank you keep it up,5,01-03-2026 13:45,19.3.9,0,Zomato,Food Delivery
nice,5,01-03-2026 13:45,19.3.9,0,Zomato,Food Delivery
yooo!!,3,01-03-2026 13:44,19.3.2,0,Zomato,Food Delivery
is good,5,01-03-2026 13:44,19.3.9,0,Zomato,Food Delivery
good,5,01-03-2026 13:43,19.3.9,0,Zomato,Food Delivery
good 👍🏻,5,01-03-2026 13:42,,0,Zomato,Food Delivery
good interface easy to use,5,01-03-2026 13:42,19.4.2,0,Zomato,Food Delivery
trustable,4,01-03-2026 13:41,19.3.2,0,Zomato,Food Delivery
Awesome,5,01-03-2026 13:39,,0,Zomato,Food Delivery
Good,5,01-03-2026 13:39,19.3.9,0,Zomato,Food Delivery
"Very good, the quickest and easiest way to satisfy hunger at home.",4,01-03-2026 13:38,,0,Zomato,Food Delivery
super,5,01-03-2026 13:38,19.4.2,0,Zomato,Food Delivery
good,5,01-03-2026 13:38,19.3.9,0,Zomato,Food Delivery
mega ladke meow ghop ghop ghop ghop ☠️,5,01-03-2026 13:38,,0,Zomato,Food Delivery
delivering very fast and the price of the food is also not too high,5,01-03-2026 13:37,19.3.9,0,Zomato,Food Delivery
pleasant experience,5,01-03-2026 13:37,19.3.9,0,Zomato,Food Delivery
not good,1,01-03-2026 13:37,19.3.9,0,Zomato,Food Delivery
nice service & good service,5,01-03-2026 13:36,19.3.9,0,Zomato,Food Delivery
Nice 👍,4,01-03-2026 13:35,19.3.9,0,Zomato,Food Delivery
Really nice,4,01-03-2026 13:34,19.3.9,0,Zomato,Food Delivery
this was amazing,5,01-03-2026 13:34,19.4.2,0,Zomato,Food Delivery
its very helpful app,4,01-03-2026 13:34,19.3.9,0,Zomato,Food Delivery
worthy,5,01-03-2026 13:34,19.3.9,0,Zomato,Food Delivery
easy to order food,5,01-03-2026 13:34,,0,Zomato,Food Delivery
good,5,01-03-2026 13:33,19.3.9,0,Zomato,Food Delivery
good,4,01-03-2026 13:33,19.3.9,0,Zomato,Food Delivery
Good offers and easy to use.,5,01-03-2026 13:32,19.3.7,0,Zomato,Food Delivery
good,4,01-03-2026 13:26,19.3.9,0,Zomato,Food Delivery
"my favorite kfc ,pizza and biriyani varities of it are delicious",5,01-03-2026 13:26,,0,Zomato,Food Delivery
good,5,01-03-2026 13:26,19.3.7,0,Zomato,Food Delivery
good 👍,5,01-03-2026 13:23,19.3.9,0,Zomato,Food Delivery
nice,5,01-03-2026 13:23,19.4.2,0,Zomato,Food Delivery
"enjoying very much, don't need to take tension of cooking food anymore.. thanks",4,01-03-2026 13:22,19.3.9,0,Zomato,Food Delivery
it is nice ☺️,4,01-03-2026 13:22,19.3.9,0,Zomato,Food Delivery
it's coming fast,4,01-03-2026 13:22,19.3.9,0,Zomato,Food Delivery
superb experience 👌,5,01-03-2026 13:21,,0,Zomato,Food Delivery
good,4,01-03-2026 13:21,19.3.9,0,Zomato,Food Delivery
polite & gentle..delivered on time.,5,01-03-2026 13:21,19.3.9,0,Zomato,Food Delivery
good,5,01-03-2026 13:21,19.3.9,0,Zomato,Food Delivery
offers are good. We get item less than restaurant price.,4,01-03-2026 13:21,19.3.9,0,Zomato,Food Delivery
enjoy your food,5,01-03-2026 13:20,19.3.9,0,Zomato,Food Delivery
worthwhile,5,01-03-2026 13:18,19.3.9,0,Zomato,Food Delivery
Nice 👍,5,01-03-2026 13:18,19.3.9,0,Zomato,Food Delivery
you want delivery fast but super no bug good,4,01-03-2026 13:17,19.3.4,0,Zomato,Food Delivery
high five,5,01-03-2026 13:17,19.4.2,0,Zomato,Food Delivery
nice 🙂,5,01-03-2026 13:17,19.3.4,0,Zomato,Food Delivery
no cash on delivery here,2,01-03-2026 13:16,,0,Zomato,Food Delivery
good,5,01-03-2026 13:16,19.3.2,0,Zomato,Food Delivery
good,5,01-03-2026 13:15,19.3.9,0,Zomato,Food Delivery
Good,3,01-03-2026 13:14,19.3.9,0,Zomato,Food Delivery
nice work and nice costmar care verry good service,5,01-03-2026 13:13,17.9.8,0,Zomato,Food Delivery
"se drdeees 2#Namaste Papa ji, An invitation for Bhaiya & Bhabi's 25th weddingATG-Mug-400 anniversary function at Chaibasa on 1st Marchszsseather I place my thoughts in asssawsdd single line or in a . It's deeparagraphp both ways. He has, no doubt, touched #szwaparagraphmany People i 2 s2ws httpslinesen.spotify.s2ws lines andplaylist/2aw Voice) में, स् plsaaqaq dew",3,01-03-2026 13:13,19.3.9,0,Zomato,Food Delivery
good 👍,5,01-03-2026 13:11,,0,Zomato,Food Delivery
good,5,01-03-2026 13:11,19.3.9,0,Zomato,Food Delivery
poor offers,1,01-03-2026 13:10,,0,Zomato,Food Delivery
Order got delayed by 50 mins and customer support is horrible . They don't have delivery executives and support executives as. well.And the support executives are also very rude and they don't have any resolution other than cancelling the order,1,01-03-2026 13:08,19.3.9,0,Zomato,Food Delivery
overall good experience 😌,4,01-03-2026 13:08,19.3.9,0,Zomato,Food Delivery
good service,4,01-03-2026 13:07,19.3.9,0,Zomato,Food Delivery
so nice excellent,5,01-03-2026 13:07,19.3.9,0,Zomato,Food Delivery
no problem dear,1,01-03-2026 13:07,19.3.1,0,Zomato,Food Delivery
👌,5,01-03-2026 13:06,19.3.7,0,Zomato,Food Delivery
😊👍,5,01-03-2026 13:05,19.3.9,0,Zomato,Food Delivery
Worth it,5,01-03-2026 13:05,19.3.9,0,Zomato,Food Delivery
super,5,01-03-2026 13:05,19.4.2,0,Zomato,Food Delivery
good,5,01-03-2026 13:05,,0,Zomato,Food Delivery
fast and easy,5,01-03-2026 13:05,19.2.6,0,Zomato,Food Delivery
nice,5,01-03-2026 13:05,19.3.7,0,Zomato,Food Delivery
good,5,01-03-2026 13:04,19.3.9,0,Zomato,Food Delivery
superb seamless experience,5,01-03-2026 13:03,19.3.9,0,Zomato,Food Delivery
it's best for Chat and everything is best for here,3,01-03-2026 13:02,19.3.9,0,Zomato,Food Delivery
too good,5,01-03-2026 13:02,19.3.9,0,Zomato,Food Delivery
superb. The rates are very high.,5,01-03-2026 13:02,,0,Zomato,Food Delivery
